baseline,metric,n_common,ours_wins,ties,ours_loses,mean_delta,median_delta,wilcoxon_p,bootstrap_median_CI_lo,bootstrap_median_CI_hi,median_ours,median_baseline,holm_p,median_paired_ratio,ours_faster,ours_slower
SpringRank,upset_simple,77,77,0,0,-0.5287080505873802,-0.5743310451507568,2.4628307660238145e-14,-0.6467182453715623,-0.38227260958791226,0.21052631578947367,0.8010944128036499,2.462830766023814e-13,,,
davidScore,upset_simple,76,76,0,0,-0.5503508332956325,-0.5700135918542915,3.6060528034893936e-14,-0.6638296345774832,-0.42476148100142763,0.19559162504802152,0.8158586621284485,2.884842242791515e-13,,,
SVD_NRS,upset_simple,77,77,0,0,-0.6083799354863957,-0.5490751797043065,2.4628307660238145e-14,-0.7463561724271535,-0.4747594082703162,0.21052631578947367,0.8909348249435425,2.462830766023814e-13,,,
btl,upset_simple,76,76,0,0,-0.8138643568319256,-0.8563086913605829,3.6060528034893936e-14,-0.8837685616272248,-0.8390696343028368,0.19559162504802152,0.9811132580041886,2.884842242791515e-13,,,
PageRank,upset_simple,76,76,0,0,-0.7359504995805198,-0.7408946430032102,3.6060528034893936e-14,-0.7597216941501487,-0.7140703127022174,0.19559162504802152,1.057723581790924,2.884842242791515e-13,,,
syncRank,upset_simple,76,76,0,0,-1.4080937984386104,-1.3809727575486352,3.6060528034893936e-14,-1.5185748164904478,-1.305168747704926,0.19559162504802152,1.715796947479248,2.884842242791515e-13,,,
serialRank,upset_simple,76,76,0,0,-1.5634371223846095,-1.5542194095719024,3.6060528034893936e-14,-1.779633358243358,-1.5019304907872413,0.19559162504802152,1.9577505230903625,2.884842242791515e-13,,,
rankCentrality,upset_simple,76,76,0,0,-1.6638983061082602,-1.6169024651704627,3.6060528034893936e-14,-1.7952445883290986,-1.5254781716437018,0.19559162504802152,1.9440121054649353,2.884842242791515e-13,,,
DIGRAC,upset_simple,76,76,0,0,-0.8099096370092679,-0.8206814639308952,3.6060528034893936e-14,-0.8650640300532361,-0.6626305434219456,0.19559162504802152,1.0779184785485267,2.884842242791515e-13,,,
ib,upset_simple,76,76,0,0,-0.8915139925437083,-0.8644083280613986,3.6060528034893936e-14,-1.0210112453601345,-0.7747363383972667,0.19559162504802152,1.175751796364784,2.884842242791515e-13,,,
SpringRank,upset_naive,77,0,0,77,118721.79453244408,5987.810900077224,2.4628307660238145e-14,5554.793761461973,245214.51090146304,5988.0,0.2002736032009124,,,,
davidScore,upset_naive,76,0,0,76,120149.82889424941,5967.304682351649,3.6060528034893936e-14,5406.3836738057435,126877.9724508345,5967.5,0.20396466553211212,,,,
SVD_NRS,upset_naive,77,0,0,77,118721.77461447286,5987.786677673459,2.4628307660238145e-14,5554.763302758336,245214.48364780546,5988.0,0.2227337062358856,,,,
btl,upset_naive,76,0,0,76,120149.763152236,5967.274362042546,3.6060528034893936e-14,5406.347983751874,126877.8874240431,5967.5,0.2452783145010471,,,,
PageRank,upset_naive,76,0,0,76,120149.78263070033,5967.28204087913,3.6060528034893936e-14,5406.360831318423,126877.91801642996,5967.5,0.264430895447731,,,,
syncRank,upset_naive,76,0,0,76,120149.61457544877,5967.055620251596,3.6060528034893936e-14,5406.148140949234,126877.73236769714,5967.5,0.428949236869812,,,,
serialRank,upset_naive,76,0,0,76,120149.57251929713,5967.014900907874,3.6060528034893936e-14,5406.082672460005,126877.67791992368,5967.5,0.4911873936653137,,,,
rankCentrality,upset_naive,76,0,0,76,120149.54542785307,5967.012298643589,3.6060528034893936e-14,5406.06783357218,126877.68899188095,5967.5,0.49025584757328033,,,,
DIGRAC,upset_naive,76,0,0,76,120149.76413986363,5967.248214647025,3.6060528034893936e-14,5406.323641669591,126877.88960580337,5967.5,0.2694796196371317,,,,
ib,upset_naive,76,0,0,76,120149.38107594095,5966.798038971424,3.6060528034893936e-14,5405.893772378552,126877.48067965655,5967.5,0.6895675324648618,,,,
SpringRank,upset_ratio,77,47,0,30,-0.06902113969213897,-0.09879675393286347,0.00016658790180950876,-0.1896193586915778,0.09256662909628675,0.3807925017458761,0.5766331553459167,,,,
davidScore,upset_ratio,76,75,0,1,-0.25535901192700283,-0.23139706692398365,3.752708362410734e-14,-0.36411788292984365,-0.16596955655020884,0.37179334718618995,0.5390174984931946,,,,
SVD_NRS,upset_ratio,77,77,0,0,-0.23574097677611613,-0.18875614810191665,2.4628307660238145e-14,-0.33855943842771746,-0.17165319564055848,0.3807925017458761,0.5271642804145813,,,,
btl,upset_ratio,76,38,0,38,0.02241255035450306,0.0036578155735972617,0.016524769295858326,-0.025395570722859223,0.1027886402899378,0.37179334718618995,0.3064571529626846,,,,
PageRank,upset_ratio,76,44,0,32,-0.003650083988925383,-0.0457668296766337,0.15451249044556373,-0.06774833261532259,0.10174994048175909,0.37179334718618995,0.41858974099159235,,,,
syncRank,upset_ratio,76,46,0,30,-0.1733828538372141,-0.3472934666311298,4.068660194212729e-06,-0.37251842444136674,0.028627657388085884,0.37179334718618995,0.7983715683221817,,,,
serialRank,upset_ratio,76,46,0,30,-0.17294364131327408,-0.3337040255150874,1.10481235452864e-05,-0.371736466813423,0.03570717951350884,0.37179334718618995,0.7289576709270478,,,,
rankCentrality,upset_ratio,76,76,0,0,-0.66080541355758,-0.7429761853542574,3.6060528034893936e-14,-0.7995463772478886,-0.46956967676625744,0.37179334718618995,1.1674498319625854,,,,
DIGRAC,upset_ratio,76,46,0,30,-0.11747378080221417,-0.25260358581319875,1.0787748478941417e-05,-0.2768389917101295,0.03775440148145931,0.37179334718618995,0.7374040448665619,,,,
ib,upset_ratio,76,46,0,30,-0.20782682103229477,-0.3583887295070071,2.378838898562422e-07,-0.39897716664109395,-0.022905854650565174,0.37179334718618995,0.7557333336770534,,,,
SpringRank,runtime_sec,77,14,0,63,0.462978573743399,0.5087300062179566,3.162727269624832e-11,0.40108251571655273,0.5819199800491333,0.5686798095703125,0.0579302787780761,,9.356380828119553,14,63
davidScore,runtime_sec,76,0,0,76,0.5367490089253376,0.5626925945281983,3.6060528034893936e-14,0.4494141817092896,0.6338592410087586,0.5659323930740356,0.0027904391288756996,,178.17259106828902,0,76
SVD_NRS,runtime_sec,77,0,0,77,0.5370309537107294,0.562870740890503,2.4628307660238145e-14,0.45322122573852547,0.6362456798553467,0.5686798095703125,0.0054040670394897,,97.89517750872271,0,77
btl,runtime_sec,76,13,0,63,0.3812712009015837,0.35560888051986705,2.2335374507107464e-09,0.22662675380706793,0.5656293392181396,0.5659323930740356,0.04507945775985715,,12.470516141447078,13,63
PageRank,runtime_sec,76,1,0,75,0.5377122140244435,0.5637895703315736,3.752708362410734e-14,0.45041702985763554,0.6351628541946411,0.5659323930740356,0.0016905784606933,,287.67541713326517,1,75
syncRank,runtime_sec,76,10,0,66,0.1984215698744122,0.1277822256088257,3.843221079542667e-12,0.08576486110687254,0.2294225811958313,0.5659323930740356,0.39038194417953487,,1.3828203766935125,10,66
serialRank,runtime_sec,76,1,0,75,0.5289083099678944,0.5547174334526062,6.802383874532613e-14,0.4437825202941895,0.6275456905364991,0.5659323930740356,0.008592057228088298,,53.94994027140599,1,75
rankCentrality,runtime_sec,76,1,0,75,0.52187332322723,0.5445767164230346,6.042324644838796e-14,0.4347169876098633,0.6149512529373169,0.5659323930740356,0.0185568451881408,,28.148770854892348,1,75
DIGRAC,runtime_sec,76,76,0,0,-11.639090813774812,-12.573406022787095,3.6060528034893936e-14,-12.764304172992707,-12.36147266626358,0.5659323930740356,13.18627463579178,,0.04019859351521124,76,0
ib,runtime_sec,76,76,0,0,-41.487891100425465,-35.46017275452614,3.6060528034893936e-14,-44.01744273304939,-32.09773673936725,0.5659323930740356,36.013842922449115,,0.0127773118304742,76,0
