baseline,metric,scope,family,n,wins,ties,losses,mean_delta,median_delta,ci_lo,ci_hi,ci_excludes_zero
SpringRank,upset_simple,per_dataset_all,ALL,77,41,0,36,0.08678907097934128,-0.07843136787414562,0.03236866704635805,0.1433362823898916,True
SpringRank,upset_simple,per_family,Animal,1,1,0,0,-0.12578618526458746,-0.12578618526458746,-0.12578618526458746,-0.12578618526458746,True
SpringRank,upset_simple,per_family,Basketball_coarse,30,30,0,0,-0.1356000244617462,-0.1320744752883911,-0.14129123349984488,-0.13061753312746685,True
SpringRank,upset_simple,per_family,Basketball_finer,30,0,0,30,0.38307632406552633,0.38844308257102966,0.3710560642182827,0.39531552468736963,True
SpringRank,upset_simple,per_family,Faculty,3,3,0,0,-0.07647996644179024,-0.0863787233829498,-0.09381662309169769,-0.04924455285072321,True
SpringRank,upset_simple,per_family,Football_coarse,6,4,0,2,-0.08136661847432457,-0.08770054578781133,-0.15761915842692056,-0.00401577353477478,True
SpringRank,upset_simple,per_family,Football_finer,6,2,0,4,0.03749536474545793,0.060606092214584295,-0.05861726403236389,0.1251924137274424,False
SpringRank,upset_simple,per_family,Halo,1,1,0,0,-0.1230769157409668,-0.1230769157409668,-0.1230769157409668,-0.1230769157409668,True
SpringRank,upset_naive,per_dataset_all,ALL,77,41,0,36,0.02169726774483532,-0.019607841968536294,0.008092166761589517,0.0358340705974729,True
SpringRank,upset_naive,per_family,Animal,1,1,0,0,-0.031446546316146906,-0.031446546316146906,-0.031446546316146906,-0.031446546316146906,True
SpringRank,upset_naive,per_family,Basketball_coarse,30,30,0,0,-0.033900006115436566,-0.03301861882209779,-0.03532280837496122,-0.032654383281866727,True
SpringRank,upset_naive,per_family,Basketball_finer,30,0,0,30,0.09576908101638158,0.09711077064275747,0.0927640160545707,0.09882888117184241,True
SpringRank,upset_naive,per_family,Faculty,3,3,0,0,-0.019119991610447567,-0.0215946808457375,-0.023454155772924395,-0.012311138212680803,True
SpringRank,upset_naive,per_family,Football_coarse,6,4,0,2,-0.020341654618581135,-0.021925136446952806,-0.03940478960673014,-0.0010039433836937367,True
SpringRank,upset_naive,per_family,Football_finer,6,2,0,4,0.009373841186364492,0.015151523053646046,-0.014654316008090973,0.03129810343186063,False
SpringRank,upset_naive,per_family,Halo,1,1,0,0,-0.0307692289352417,-0.0307692289352417,-0.0307692289352417,-0.0307692289352417,True
SpringRank,upset_ratio,per_dataset_all,ALL,77,44,0,33,-0.004945723128251053,-0.017549663782119806,-0.029761532629392556,0.02173262264159229,False
SpringRank,upset_ratio,per_family,Animal,1,1,0,0,-0.017549663782119806,-0.017549663782119806,-0.017549663782119806,-0.017549663782119806,True
SpringRank,upset_ratio,per_family,Basketball_coarse,30,30,0,0,-0.10960189501444499,-0.11154398322105408,-0.11969503208994865,-0.09732820679744085,True
SpringRank,upset_ratio,per_family,Basketball_finer,30,0,0,30,0.13099207615790268,0.13256172300316393,0.1284341277050165,0.1332762444182299,True
SpringRank,upset_ratio,per_family,Faculty,3,3,0,0,-0.11590711275736491,-0.1016925573348999,-0.1650823950767517,-0.08094638586044312,True
SpringRank,upset_ratio,per_family,Football_coarse,6,5,0,1,-0.08646224439144135,-0.09938815236091614,-0.12519954144954684,-0.03538032869497936,True
SpringRank,upset_ratio,per_family,Football_finer,6,4,0,2,-0.005680873990058881,-0.0032387524843215942,-0.02279631868004795,0.007304820480446016,False
SpringRank,upset_ratio,per_family,Halo,1,1,0,0,-0.10439640283584595,-0.10439640283584595,-0.10439640283584595,-0.10439640283584595,True
davidScore,upset_simple,per_dataset_all,ALL,77,40,1,36,0.06279853624956948,-0.02424246072769165,0.01041382525551629,0.117874350780984,True
davidScore,upset_simple,per_family,Animal,1,0,0,1,0.05031445622444147,0.05031445622444147,0.05031445622444147,0.05031445622444147,True
davidScore,upset_simple,per_family,Basketball_coarse,30,30,0,0,-0.13663757244745892,-0.13113993406295776,-0.14633563657601673,-0.12716996823747953,True
davidScore,upset_simple,per_family,Basketball_finer,30,0,0,30,0.3391952196756999,0.3355719745159149,0.3262779984374841,0.35259660333395004,True
davidScore,upset_simple,per_family,Faculty,3,3,0,0,-0.28202419976393384,-0.344684362411499,-0.3710021227598191,-0.1303861141204834,True
davidScore,upset_simple,per_family,Football_coarse,6,5,1,0,-0.11270528038342793,-0.0915604829788208,-0.2060874658326308,-0.0364866994321349,True
davidScore,upset_simple,per_family,Football_finer,6,1,0,5,0.08510355154673259,0.10960829257965093,-0.027214656273523968,0.17460385809342066,False
davidScore,upset_simple,per_family,Halo,1,1,0,0,-0.2798736095428467,-0.2798736095428467,-0.2798736095428467,-0.2798736095428467,True
davidScore,upset_naive,per_dataset_all,ALL,77,40,1,36,0.015565037582214777,-0.006060615181922913,0.002513957027249132,0.029390611094362154,True
davidScore,upset_naive,per_family,Animal,1,0,0,1,0.012578614056110396,0.012578614056110396,0.012578614056110396,0.012578614056110396,True
davidScore,upset_naive,per_family,Basketball_coarse,30,30,0,0,-0.03415939311186474,-0.032784983515739455,-0.0365839091440042,-0.03179249205936989,True
davidScore,upset_naive,per_family,Basketball_finer,30,0,0,30,0.08479880491892497,0.08389299362897873,0.08156949960937106,0.08814915083348751,True
davidScore,upset_naive,per_family,Faculty,3,3,0,0,-0.07162424052755037,-0.08803986012935641,-0.0938166342675686,-0.033016227185726096,True
davidScore,upset_naive,per_family,Football_coarse,6,5,1,0,-0.029344546298186,-0.02437177300453186,-0.05170963704586029,-0.009134026865164438,True
davidScore,upset_naive,per_family,Football_finer,6,1,0,5,0.021275887886683147,0.027402073144912706,-0.006803664068380982,0.043650964523355165,False
davidScore,upset_naive,per_family,Halo,1,1,0,0,-0.06996840238571173,-0.06996840238571173,-0.06996840238571173,-0.06996840238571173,True
davidScore,upset_ratio,per_dataset_all,ALL,77,74,0,3,-0.1923939660191536,-0.13085335493087769,-0.22883518231282762,-0.15955368380800086,True
davidScore,upset_ratio,per_family,Animal,1,1,0,0,-0.010441422462463379,-0.010441422462463379,-0.010441422462463379,-0.010441422462463379,True
davidScore,upset_ratio,per_family,Basketball_coarse,30,30,0,0,-0.052193629741668704,-0.05424204468727112,-0.057035293281078335,-0.04713224003712337,True
davidScore,upset_ratio,per_family,Basketball_finer,30,30,0,0,-0.3663805939257145,-0.36383753269910823,-0.3714674411341548,-0.36137518199160695,True
davidScore,upset_ratio,per_family,Faculty,3,1,0,2,0.020708322525024414,0.02324014902114868,-0.016243278980255127,0.05512809753417969,False
davidScore,upset_ratio,per_family,Football_coarse,6,5,0,1,-0.09561643501122792,-0.08031541109085083,-0.15569963057835892,-0.041299278537432364,True
davidScore,upset_ratio,per_family,Football_finer,6,6,0,0,-0.26737337559461594,-0.2723906487226486,-0.31361496448516846,-0.22292446345090866,True
davidScore,upset_ratio,per_family,Halo,1,1,0,0,-0.13085335493087769,-0.13085335493087769,-0.13085335493087769,-0.13085335493087769,True
SVD_NRS,upset_simple,per_dataset_all,ALL,77,40,2,35,0.007051498355803558,-0.024844646453857422,-0.04709839094962392,0.06617496696288702,False
SVD_NRS,upset_simple,per_family,Animal,1,1,0,0,-0.15094339847564703,-0.15094339847564703,-0.15094339847564703,-0.15094339847564703,True
SVD_NRS,upset_simple,per_family,Basketball_coarse,30,30,0,0,-0.24025633732477825,-0.2428807020187378,-0.24939860125382743,-0.23153817325830459,True
SVD_NRS,upset_simple,per_family,Basketball_finer,30,0,0,30,0.29091429710388184,0.2915506660938263,0.2783030651509762,0.30432887037595113,True
SVD_NRS,upset_simple,per_family,Faculty,3,3,0,0,-0.2006741613149643,-0.15282392501831052,-0.3439943045377732,-0.1052042543888092,True
SVD_NRS,upset_simple,per_family,Football_coarse,6,4,1,1,-0.06977699200312297,-0.060680001974105835,-0.12838741814096769,-0.011849080274502443,True
SVD_NRS,upset_simple,per_family,Football_finer,6,1,1,4,0.12450243035952248,0.14545455574989313,0.036258248736461,0.20673655470212302,True
SVD_NRS,upset_simple,per_family,Halo,1,1,0,0,-0.5521601676940917,-0.5521601676940917,-0.5521601676940917,-0.5521601676940917,True
SVD_NRS,upset_naive,per_dataset_all,ALL,77,40,2,35,0.0017628745889508874,-0.0062111616134643,-0.011774597737405983,0.016543741740721766,False
SVD_NRS,upset_naive,per_family,Animal,1,1,0,0,-0.0377358496189118,-0.0377358496189118,-0.0377358496189118,-0.0377358496189118,True
SVD_NRS,upset_naive,per_family,Basketball_coarse,30,30,0,0,-0.06006408433119457,-0.06072017550468445,-0.06234965031345686,-0.05788454331457618,True
SVD_NRS,upset_naive,per_family,Basketball_finer,30,0,0,30,0.07272857427597046,0.07288766652345663,0.06957576628774403,0.07608221759398778,True
SVD_NRS,upset_naive,per_family,Faculty,3,3,0,0,-0.05016854032874107,-0.038205981254577595,-0.0859985761344433,-0.0263010635972023,True
SVD_NRS,upset_naive,per_family,Football_coarse,6,4,1,1,-0.017444248000780736,-0.015170000493526459,-0.03209685453524193,-0.0029622700686256064,True
SVD_NRS,upset_naive,per_family,Football_finer,6,1,1,4,0.031125607589880654,0.0363636389374733,0.00906456218411527,0.05168413867553079,True
SVD_NRS,upset_naive,per_family,Halo,1,1,0,0,-0.13804004192352298,-0.13804004192352298,-0.13804004192352298,-0.13804004192352298,True
SVD_NRS,upset_ratio,per_dataset_all,ALL,77,72,0,5,-0.1717335316461402,-0.09521853923797607,-0.20369531988081607,-0.14177659363280257,True
SVD_NRS,upset_ratio,per_family,Animal,1,1,0,0,-0.01729738712310791,-0.01729738712310791,-0.01729738712310791,-0.01729738712310791,True
SVD_NRS,upset_ratio,per_family,Basketball_coarse,30,30,0,0,-0.07210041681925455,-0.07019200921058655,-0.07825743267933527,-0.0665624588727951,True
SVD_NRS,upset_ratio,per_family,Basketball_finer,30,30,0,0,-0.3393890656530857,-0.3380008935928345,-0.3449265934651097,-0.33442433896784984,True
SVD_NRS,upset_ratio,per_family,Faculty,3,3,0,0,-0.1598672072092692,-0.15270817279815674,-0.20825284719467163,-0.11864060163497925,True
SVD_NRS,upset_ratio,per_family,Football_coarse,6,3,0,3,-0.021889617045720417,-0.011296838521957397,-0.05162771542867025,0.007099149872859261,False
SVD_NRS,upset_ratio,per_family,Football_finer,6,4,0,2,-0.008153679470221184,-0.010373622179031358,-0.022532068192958794,0.006935742994149521,False
SVD_NRS,upset_ratio,per_family,Halo,1,1,0,0,-0.20163867473602282,-0.20163867473602282,-0.20163867473602282,-0.20163867473602282,True
btl,upset_simple,per_dataset_all,ALL,77,73,0,4,-0.1968164969574321,-0.207151973247528,-0.21835955831331091,-0.17371009825789313,True
btl,upset_simple,per_family,Animal,1,1,0,0,-0.07547169923782354,-0.07547169923782354,-0.07547169923782354,-0.07547169923782354,True
btl,upset_simple,per_family,Basketball_coarse,30,30,0,0,-0.2646070138613383,-0.27947196662425994,-0.28185192485153676,-0.24608566167453924,True
btl,upset_simple,per_family,Basketball_finer,30,30,0,0,-0.20125089287757875,-0.20134566426277167,-0.21797573651870092,-0.18489846518635747,True
btl,upset_simple,per_family,Faculty,3,3,0,0,-0.07637457052866617,-0.07109634280204771,-0.09893390834331511,-0.05909346044063568,True
btl,upset_simple,per_family,Football_coarse,6,6,0,0,-0.11400055388609574,-0.11168153584003448,-0.17487803138792532,-0.05395176211992897,True
btl,upset_simple,per_family,Football_finer,6,2,0,4,0.008778174718221047,0.0569697141647339,-0.08355064789454142,0.08891175687313078,False
btl,upset_simple,per_family,Halo,1,1,0,0,-0.24320337772369394,-0.24320337772369394,-0.24320337772369394,-0.24320337772369394,True
btl,upset_naive,per_dataset_all,ALL,77,73,0,4,-0.049204124239358035,-0.051787993311882,-0.054589889578327756,-0.043427524564473276,True
btl,upset_naive,per_family,Animal,1,1,0,0,-0.0188679248094559,-0.0188679248094559,-0.0188679248094559,-0.0188679248094559,True
btl,upset_naive,per_family,Basketball_coarse,30,30,0,0,-0.06615175346533458,-0.069867991656065,-0.0704629812128842,-0.06152141541863483,True
btl,upset_naive,per_family,Basketball_finer,30,30,0,0,-0.05031272321939469,-0.050336416065692946,-0.05449393412967522,-0.04622461629658937,True
btl,upset_naive,per_family,Faculty,3,3,0,0,-0.019093642632166535,-0.017774085700511894,-0.024733477085828806,-0.014773365110158906,True
btl,upset_naive,per_family,Football_coarse,6,6,0,0,-0.028500138471523908,-0.027920383960008607,-0.043719507846981275,-0.0134879405299822,True
btl,upset_naive,per_family,Football_finer,6,2,0,4,0.0021945436795552573,0.014242428541183447,-0.020887661973635365,0.02222793921828269,False
btl,upset_naive,per_family,Halo,1,1,0,0,-0.060800844430923484,-0.060800844430923484,-0.060800844430923484,-0.060800844430923484,True
btl,upset_ratio,per_dataset_all,ALL,77,1,0,76,0.08404230286984088,0.08223094940185549,0.07171026643190243,0.09647829995112638,True
btl,upset_ratio,per_family,Animal,1,0,0,1,0.17773219794034958,0.17773219794034958,0.17773219794034958,0.17773219794034958,True
btl,upset_ratio,per_family,Basketball_coarse,30,0,0,30,0.04763717184464138,0.04225281476974485,0.03846441858510176,0.05808860028535127,True
btl,upset_ratio,per_family,Basketball_finer,30,0,0,30,0.12603963964308304,0.12614645175635814,0.12380015375232326,0.1281442006387903,True
btl,upset_ratio,per_family,Faculty,3,0,0,3,0.2476450324058533,0.28244217038154606,0.1699017196893692,0.29059120714664466,True
btl,upset_ratio,per_family,Football_coarse,6,1,0,5,0.03046534309784572,0.02404607683420182,0.010077727337678283,0.053219144543011986,True
btl,upset_ratio,per_family,Football_finer,6,0,0,6,0.01889881317814192,0.020395411550998707,0.010791265716155374,0.026401975036909185,True
btl,upset_ratio,per_family,Halo,1,0,0,1,0.04410074353218074,0.04410074353218074,0.04410074353218074,0.04410074353218074,True
PageRank,upset_simple,per_dataset_all,ALL,77,53,0,24,-0.12305109667313563,-0.17030733823776245,-0.15567780092068306,-0.08938845682937611,True
PageRank,upset_simple,per_family,Animal,1,1,0,0,-0.27672958374023443,-0.27672958374023443,-0.27672958374023443,-0.27672958374023443,True
PageRank,upset_simple,per_family,Basketball_coarse,30,30,0,0,-0.2317097822825114,-0.22657135128974915,-0.2402660758296649,-0.22328651696443558,True
PageRank,upset_simple,per_family,Basketball_finer,30,6,0,24,0.0451103409131368,0.059837281703949086,0.019666285812854786,0.06750085671742762,True
PageRank,upset_simple,per_family,Faculty,3,3,0,0,-0.15453536808490753,-0.1298265159130096,-0.2075337618589402,-0.1262458264827728,True
PageRank,upset_simple,per_family,Football_coarse,6,6,0,0,-0.25690683722496027,-0.23993203043937672,-0.3421561320622762,-0.1714013715585072,True
PageRank,upset_simple,per_family,Football_finer,6,6,0,0,-0.18507563074429836,-0.15961480140686046,-0.25966291626294463,-0.12710386961698567,True
PageRank,upset_simple,per_family,Halo,1,1,0,0,-0.4847207069396975,-0.4847207069396975,-0.4847207069396975,-0.4847207069396975,True
PageRank,upset_naive,per_dataset_all,ALL,77,53,0,24,-0.030762774168283914,-0.04257683455944061,-0.038919450230170766,-0.022347114207344032,True
PageRank,upset_naive,per_family,Animal,1,1,0,0,-0.0691823959350586,-0.0691823959350586,-0.0691823959350586,-0.0691823959350586,True
PageRank,upset_naive,per_family,Basketball_coarse,30,30,0,0,-0.057927445570627865,-0.05664283782243734,-0.060066518957416236,-0.0558216292411089,True
PageRank,upset_naive,per_family,Basketball_finer,30,6,0,24,0.0112775852282842,0.014959320425987244,0.0049165714532136895,0.016875214179356883,True
PageRank,upset_naive,per_family,Faculty,3,3,0,0,-0.03863384202122687,-0.0324566289782524,-0.051883440464735,-0.03156145662069321,True
PageRank,upset_naive,per_family,Football_coarse,6,6,0,0,-0.0642267093062401,-0.059983007609844236,-0.08553903301556909,-0.04285034288962685,True
PageRank,upset_naive,per_family,Football_finer,6,6,0,0,-0.046268907686074556,-0.03990370035171506,-0.06491572906573612,-0.03177596740424641,True
PageRank,upset_naive,per_family,Halo,1,1,0,0,-0.12118017673492432,-0.12118017673492432,-0.12118017673492432,-0.12118017673492432,True
PageRank,upset_ratio,per_dataset_all,ALL,77,14,0,63,0.05676093226443831,0.029829442501068115,0.040961798843655556,0.07174363203207634,True
PageRank,upset_ratio,per_family,Animal,1,1,0,0,-0.040287286043167114,-0.040287286043167114,-0.040287286043167114,-0.040287286043167114,True
PageRank,upset_ratio,per_family,Basketball_coarse,30,0,0,30,0.023329351345698038,0.025530457496643066,0.02025964001814524,0.02649071524540583,True
PageRank,upset_ratio,per_family,Basketball_finer,30,0,0,30,0.13118843419166903,0.13146462221629918,0.12895224324349935,0.1332818305969704,True
PageRank,upset_ratio,per_family,Faculty,3,0,0,3,0.13205356399218246,0.16097617149353027,0.06532195210456854,0.16986256837844857,True
PageRank,upset_ratio,per_family,Football_coarse,6,6,0,0,-0.06892097493012747,-0.07274514436721802,-0.09044429659843446,-0.045295496781667076,True
PageRank,upset_ratio,per_family,Football_finer,6,6,0,0,-0.021914104620615632,-0.021933332085609436,-0.033492028713226284,-0.010316953063011175,True
PageRank,upset_ratio,per_family,Halo,1,1,0,0,-0.0758047103881836,-0.0758047103881836,-0.0758047103881836,-0.0758047103881836,True
syncRank,upset_simple,per_dataset_all,ALL,77,77,0,0,-0.7925258755296857,-0.7199999690055847,-0.8506461323623534,-0.7324835580829289,True
syncRank,upset_simple,per_family,Animal,1,1,0,0,-1.1396226286888123,-1.1396226286888123,-1.1396226286888123,-1.1396226286888123,True
syncRank,upset_simple,per_family,Basketball_coarse,30,30,0,0,-1.0780786840120953,-1.0857950448989868,-1.1045833185811837,-1.050303247332573,True
syncRank,upset_simple,per_family,Basketball_finer,30,30,0,0,-0.5357686165968577,-0.5304792523384094,-0.5640063878993192,-0.5103523627022902,True
syncRank,upset_simple,per_family,Faculty,3,3,0,0,-0.5458269625902176,-0.4839395582675934,-0.7967306822538373,-0.35681064724922185,True
syncRank,upset_simple,per_family,Football_coarse,6,6,0,0,-0.8013456543286641,-0.8086502134799955,-0.8920671107868354,-0.7070804874102276,True
syncRank,upset_simple,per_family,Football_finer,6,6,0,0,-0.6605123400688172,-0.6463220417499542,-0.7729980409145355,-0.5664990127086639,True
syncRank,upset_simple,per_family,Halo,1,1,0,0,-1.0608219146728515,-1.0608219146728515,-1.0608219146728515,-1.0608219146728515,True
syncRank,upset_naive,per_dataset_all,ALL,77,77,0,0,-0.19816289523785763,-0.1799999922513962,-0.21269987414917582,-0.18312763910813185,True
syncRank,upset_naive,per_family,Animal,1,1,0,0,-0.2867924422025681,-0.2867924422025681,-0.2867924422025681,-0.2867924422025681,True
syncRank,upset_naive,per_family,Basketball_coarse,30,30,0,0,-0.26951967100302376,-0.2714487612247467,-0.27614582964529594,-0.26257581183314327,True
syncRank,upset_naive,per_family,Basketball_finer,30,30,0,0,-0.13394215414921443,-0.13261981308460233,-0.1410015969748298,-0.12758809067557256,True
syncRank,upset_naive,per_family,Faculty,3,3,0,0,-0.13663442209362983,-0.12098488956689829,-0.19971571490168571,-0.08920266181230548,True
syncRank,upset_naive,per_family,Football_coarse,6,6,0,0,-0.20033641358216603,-0.20216255336999894,-0.22301677769670888,-0.1767701218525569,True
syncRank,upset_naive,per_family,Football_finer,6,6,0,0,-0.16512808501720427,-0.16158051043748856,-0.19324951022863388,-0.14162475317716594,True
syncRank,upset_naive,per_family,Halo,1,1,0,0,-0.2652054786682129,-0.2652054786682129,-0.2652054786682129,-0.2652054786682129,True
syncRank,upset_ratio,per_dataset_all,ALL,77,47,0,30,-0.11234831382677735,-0.2041609287261963,-0.1563459872162006,-0.06495683862909372,True
syncRank,upset_ratio,per_family,Animal,1,1,0,0,-0.4122295558452607,-0.4122295558452607,-0.4122295558452607,-0.4122295558452607,True
syncRank,upset_ratio,per_family,Basketball_coarse,30,30,0,0,-0.29124458392461144,-0.289482444524765,-0.29557454608380795,-0.2867068911492825,True
syncRank,upset_ratio,per_family,Basketball_finer,30,0,0,30,0.12735755412839353,0.12852645153179765,0.12511435637863666,0.1295057854182087,True
syncRank,upset_ratio,per_family,Faculty,3,3,0,0,-0.45865102608998615,-0.4761027693748475,-0.4773877263069153,-0.42246258258819563,True
syncRank,upset_ratio,per_family,Football_coarse,6,6,0,0,-0.2276440093914668,-0.22020834088325503,-0.27014633096754553,-0.1845701108376185,True
syncRank,upset_ratio,per_family,Football_finer,6,6,0,0,-0.06215846464037895,-0.060348314791917795,-0.08193529074390729,-0.04189807697509733,True
syncRank,upset_ratio,per_family,Halo,1,1,0,0,-0.20721179246902477,-0.20721179246902477,-0.20721179246902477,-0.20721179246902477,True
rankCentrality,upset_simple,per_dataset_all,ALL,77,77,0,0,-1.047215530431116,-0.9872727036476135,-1.112636198932668,-0.9805087131242474,True
rankCentrality,upset_simple,per_family,Animal,1,1,0,0,-1.584905683994293,-1.584905683994293,-1.584905683994293,-1.584905683994293,True
rankCentrality,upset_simple,per_family,Basketball_coarse,30,30,0,0,-1.2965244368712106,-1.294963151216507,-1.3167119644085565,-1.2772609817981722,True
rankCentrality,upset_simple,per_family,Basketball_finer,30,30,0,0,-0.7690765778223674,-0.7690636157989502,-0.7890817548930644,-0.7495110493501027,True
rankCentrality,upset_simple,per_family,Faculty,3,3,0,0,-1.7275793184836707,-1.7532338351011274,-1.7724252462387087,-1.6570788741111757,True
rankCentrality,upset_simple,per_family,Football_coarse,6,6,0,0,-0.9564224223295849,-0.8684158205986023,-1.1423911452293396,-0.7938094397385914,True
rankCentrality,upset_simple,per_family,Football_finer,6,6,0,0,-0.8400064031283061,-0.8462388515472413,-0.9437201692163945,-0.7323542316754659,True
rankCentrality,upset_simple,per_family,Halo,1,1,0,0,-1.121348810195923,-1.121348810195923,-1.121348810195923,-1.121348810195923,True
rankCentrality,upset_naive,per_dataset_all,ALL,77,77,0,0,-0.2669520393110715,-0.2539393872022629,-0.283362014038706,-0.25076834509608814,True
rankCentrality,upset_naive,per_family,Animal,1,1,0,0,-0.3962264209985733,-0.3962264209985733,-0.3962264209985733,-0.3962264209985733,True
rankCentrality,upset_naive,per_family,Basketball_coarse,30,30,0,0,-0.32768029918273295,-0.3251071721315384,-0.3347921936263641,-0.3212288213546077,True
rankCentrality,upset_naive,per_family,Basketball_finer,30,30,0,0,-0.1976280795534452,-0.19725719094276428,-0.20213469976186746,-0.19316417944679656,True
rankCentrality,upset_naive,per_family,Faculty,3,3,0,0,-0.4318948296209177,-0.4383084587752819,-0.4431063115596772,-0.41426971852779393,True
rankCentrality,upset_naive,per_family,Football_coarse,6,6,0,0,-0.2391056055823962,-0.21710395514965058,-0.2855977863073349,-0.1984523599346479,True
rankCentrality,upset_naive,per_family,Football_finer,6,6,0,0,-0.23152898649374642,-0.2405336245894432,-0.264205539226532,-0.19427554011344908,True
rankCentrality,upset_naive,per_family,Halo,1,1,0,0,-0.2803372025489807,-0.2803372025489807,-0.2803372025489807,-0.2803372025489807,True
rankCentrality,upset_ratio,per_dataset_all,ALL,77,77,0,0,-0.5965824202477158,-0.611771821975708,-0.6337275131220942,-0.5570606552674012,True
rankCentrality,upset_ratio,per_family,Animal,1,1,0,0,-0.9363122880458832,-0.9363122880458832,-0.9363122880458832,-0.9363122880458832,True
rankCentrality,upset_ratio,per_family,Basketball_coarse,30,30,0,0,-0.7608472975095114,-0.765580415725708,-0.774902222275734,-0.7465279577275118,True
rankCentrality,upset_ratio,per_family,Basketball_finer,30,30,0,0,-0.4295622664193312,-0.4306369423866272,-0.4361550858865182,-0.4226207061608632,True
rankCentrality,upset_ratio,per_family,Faculty,3,3,0,0,-0.8256211280822754,-0.7935913443565368,-0.9246312618255614,-0.7586407780647276,True
rankCentrality,upset_ratio,per_family,Football_coarse,6,6,0,0,-0.603211928407351,-0.6139125645160673,-0.6773287902275721,-0.5120405733585357,True
rankCentrality,upset_ratio,per_family,Football_finer,6,6,0,0,-0.4587790653109551,-0.47274204790592195,-0.5419612298409143,-0.37045995096365614,True
rankCentrality,upset_ratio,per_family,Halo,1,1,0,0,-0.4394378066062927,-0.4394378066062927,-0.4394378066062927,-0.4394378066062927,True
serialRank,upset_simple,per_dataset_all,ALL,77,75,0,2,-0.9483501729640094,-0.8581241369247437,-1.0384245159080276,-0.8542710495353132,True
serialRank,upset_simple,per_family,Animal,1,1,0,0,-1.6786163210868836,-1.6786163210868836,-1.6786163210868836,-1.6786163210868836,True
serialRank,upset_simple,per_family,Basketball_coarse,30,30,0,0,-1.3330797211329142,-1.3294113874435425,-1.3567262166142462,-1.311689233769973,True
serialRank,upset_simple,per_family,Basketball_finer,30,30,0,0,-0.7706930323441823,-0.7697935104370118,-0.7948810236553352,-0.7471892692347368,True
serialRank,upset_simple,per_family,Faculty,3,3,0,0,-1.371163295706113,-1.585215950012207,-1.695593473315239,-0.8326804637908936,True
serialRank,upset_simple,per_family,Football_coarse,6,6,0,0,-0.36930642525355023,-0.4077793955802917,-0.544780820608139,-0.20290666470925006,True
serialRank,upset_simple,per_family,Football_finer,6,4,0,2,-0.142539918422699,-0.0728751122951507,-0.2965605904658636,0.0005845129489897757,False
serialRank,upset_simple,per_family,Halo,1,1,0,0,-1.046596443653107,-1.046596443653107,-1.046596443653107,-1.046596443653107,True
serialRank,upset_naive,per_dataset_all,ALL,77,75,0,2,-0.2406240441872702,-0.2145310342311859,-0.26476743736268055,-0.21543949231118353,True
serialRank,upset_naive,per_family,Animal,1,1,0,0,-0.4691823899745942,-0.4691823899745942,-0.4691823899745942,-0.4691823899745942,True
serialRank,upset_naive,per_family,Basketball_coarse,30,30,0,0,-0.3332699302832286,-0.3323528468608857,-0.3391815541535616,-0.32792230844249326,True
serialRank,upset_naive,per_family,Basketball_finer,30,30,0,0,-0.19267325808604557,-0.1924483776092529,-0.19872025591383377,-0.1867973173086842,True
serialRank,upset_naive,per_family,Faculty,3,3,0,0,-0.39774177844325703,-0.4811461806297303,-0.5039090387523174,-0.2081701159477234,True
serialRank,upset_naive,per_family,Football_coarse,6,6,0,0,-0.09232660631338756,-0.10194484889507294,-0.13619520515203476,-0.05072666617731255,True
serialRank,upset_naive,per_family,Football_finer,6,4,0,2,-0.035634979605674744,-0.018218778073787703,-0.07414014761646588,0.00014612823724747168,False
serialRank,upset_naive,per_family,Halo,1,1,0,0,-0.3195785105228424,-0.3195785105228424,-0.3195785105228424,-0.3195785105228424,True
serialRank,upset_ratio,per_dataset_all,ALL,77,47,0,30,-0.1120626853367725,-0.2009093999862671,-0.15682222941476104,-0.06444632832601963,True
serialRank,upset_ratio,per_family,Animal,1,1,0,0,-0.47751340270042425,-0.47751340270042425,-0.47751340270042425,-0.47751340270042425,True
serialRank,upset_ratio,per_family,Basketball_coarse,30,30,0,0,-0.2961677384376526,-0.2945834547281265,-0.29986794557670754,-0.2924811954746643,True
serialRank,upset_ratio,per_family,Basketball_finer,30,0,0,30,0.12644607089459897,0.12724756412208083,0.12420696110410306,0.12856263015256264,True
serialRank,upset_ratio,per_family,Faculty,3,3,0,0,-0.4702374537785848,-0.4874510169029237,-0.49092042446136475,-0.43234091997146606,True
serialRank,upset_ratio,per_family,Football_coarse,6,6,0,0,-0.19533950388431545,-0.2106857717037201,-0.22298492193222044,-0.16698763370513917,True
serialRank,upset_ratio,per_family,Football_finer,6,6,0,0,-0.04466684137781459,-0.044418679177761086,-0.06565778677662212,-0.025352098743120804,True
serialRank,upset_ratio,per_family,Halo,1,1,0,0,-0.20891290903091442,-0.20891290903091442,-0.20891290903091442,-0.20891290903091442,True
DIGRAC,upset_simple,per_dataset_all,ALL,77,47,0,30,-0.1762814640611797,-0.2813503968715669,-0.23841107473532103,-0.11185717486832049,True
DIGRAC,upset_simple,per_family,Animal,1,1,0,0,-0.052327038049697905,-0.052327038049697905,-0.052327038049697905,-0.052327038049697905,True
DIGRAC,upset_simple,per_family,Basketball_coarse,30,30,0,0,-0.3910911620060602,-0.3819200396537781,-0.4312659551084042,-0.35532165929178394,True
DIGRAC,upset_simple,per_family,Basketball_finer,30,0,0,30,0.1692046740452449,0.1687567812204362,0.15292399206260843,0.186141252263387,True
DIGRAC,upset_simple,per_family,Faculty,3,3,0,0,-0.25198054452737173,-0.2813503968715669,-0.29219921648502345,-0.1823920202255249,True
DIGRAC,upset_simple,per_family,Football_coarse,6,6,0,0,-0.5760634372631709,-0.5821744126081466,-0.6365604226539532,-0.5115823916594188,True
DIGRAC,upset_simple,per_family,Football_finer,6,6,0,0,-0.329998406569163,-0.3325268602371215,-0.41712378442287457,-0.23290994094312212,True
DIGRAC,upset_simple,per_family,Halo,1,1,0,0,-0.6724383592605592,-0.6724383592605592,-0.6724383592605592,-0.6724383592605592,True
DIGRAC,upset_naive,per_dataset_all,ALL,77,47,0,30,-0.04407206090433259,-0.07034826010465621,-0.05960443613354069,-0.027965179854979774,True
DIGRAC,upset_naive,per_family,Animal,1,1,0,0,-0.013081759512424504,-0.013081759512424504,-0.013081759512424504,-0.013081759512424504,True
DIGRAC,upset_naive,per_family,Basketball_coarse,30,30,0,0,-0.09777362232406941,-0.09548000991344453,-0.10781668299560751,-0.08883213547642031,True
DIGRAC,upset_naive,per_family,Basketball_finer,30,0,0,30,0.04229927001396816,0.04217595472931865,0.038230267371733975,0.046534017213682326,True
DIGRAC,upset_naive,per_family,Faculty,3,3,0,0,-0.0629986897607644,-0.07034826010465621,-0.0730498041212558,-0.0455980050563812,True
DIGRAC,upset_naive,per_family,Football_coarse,6,6,0,0,-0.14401585931579272,-0.14554360315203668,-0.15914010566348827,-0.12789559791485464,True
DIGRAC,upset_naive,per_family,Football_finer,6,6,0,0,-0.08249960164229074,-0.08313171505928038,-0.1042809461057186,-0.05822748523578053,True
DIGRAC,upset_naive,per_family,Halo,1,1,0,0,-0.1681475257873536,-0.1681475257873536,-0.1681475257873536,-0.1681475257873536,True
DIGRAC,upset_ratio,per_dataset_all,ALL,77,47,0,30,-0.05830470600419425,-0.15521085619926456,-0.0917940419689849,-0.02203618957137074,True
DIGRAC,upset_ratio,per_family,Animal,1,1,0,0,-0.2497145155072213,-0.2497145155072213,-0.2497145155072213,-0.2497145155072213,True
DIGRAC,upset_ratio,per_family,Basketball_coarse,30,30,0,0,-0.19401509340604145,-0.19370520502328875,-0.1967842742378513,-0.1910071510707338,True
DIGRAC,upset_ratio,per_family,Basketball_finer,30,0,0,30,0.13112388923453788,0.13183646739926183,0.12887918589583133,0.13324879812251308,True
DIGRAC,upset_ratio,per_family,Faculty,3,3,0,0,-0.27097753365834554,-0.2700009095668793,-0.30325388133525844,-0.2396778100728989,True
DIGRAC,upset_ratio,per_family,Football_coarse,6,6,0,0,-0.18589016248782478,-0.19106831163167953,-0.21811119142174723,-0.15083932933211333,True
DIGRAC,upset_ratio,per_family,Football_finer,6,6,0,0,-0.0460169088343779,-0.042487192004919044,-0.0660894991494715,-0.026081975201765684,True
DIGRAC,upset_ratio,per_family,Halo,1,1,0,0,-0.1486366927623748,-0.1486366927623748,-0.1486366927623748,-0.1486366927623748,True
ib,upset_simple,per_dataset_all,ALL,77,68,0,9,-0.31939307643995657,-0.3377277958393097,-0.37174997494882583,-0.26265216605345926,True
ib,upset_simple,per_family,Animal,1,1,0,0,-0.6021383571624757,-0.6021383571624757,-0.6021383571624757,-0.6021383571624757,True
ib,upset_simple,per_family,Basketball_coarse,30,30,0,0,-0.5626973505417505,-0.5647559905052185,-0.5778705165505408,-0.547390471237898,True
ib,upset_simple,per_family,Basketball_finer,30,21,0,9,-0.07243574098745986,-0.08242427825927734,-0.11053674550255137,-0.03336798788209756,True
ib,upset_simple,per_family,Faculty,3,3,0,0,-0.6508224529027938,-0.6804264461994172,-0.686993345618248,-0.5850475668907166,True
ib,upset_simple,per_family,Football_coarse,6,6,0,0,-0.2096806911627452,-0.1931348699331284,-0.2673729614416759,-0.17062188058594877,True
ib,upset_simple,per_family,Football_finer,6,6,0,0,-0.23105171799659732,-0.1874355155229569,-0.33947293261686956,-0.1241407336791357,True
ib,upset_simple,per_family,Halo,1,1,0,0,-0.34027396917343133,-0.34027396917343133,-0.34027396917343133,-0.34027396917343133,True
ib,upset_naive,per_dataset_all,ALL,77,77,0,0,-0.3869696879212733,-0.4027608841657639,-0.41918366260067014,-0.3537786528612306,True
ib,upset_naive,per_family,Animal,1,1,0,0,-0.3534591153264046,-0.3534591153264046,-0.3534591153264046,-0.3534591153264046,True
ib,upset_naive,per_family,Basketball_coarse,30,30,0,0,-0.5032895984848341,-0.5042964023351669,-0.5138703497111798,-0.49186476758569486,True
ib,upset_naive,per_family,Basketball_finer,30,30,0,0,-0.3504595132072767,-0.34586953207850457,-0.3696392221401136,-0.33132065923586496,True
ib,upset_naive,per_family,Faculty,3,3,0,0,-0.6216468887031079,-0.6300830511748792,-0.643027723133564,-0.5918298918008804,True
ib,upset_naive,per_family,Football_coarse,6,6,0,0,-0.16533407762646676,-0.18217218890786174,-0.20935346310337385,-0.11711636464670308,True
ib,upset_naive,per_family,Football_finer,6,6,0,0,-0.07868373071153957,-0.058424237817525884,-0.11891697650154427,-0.04457022959987319,True
ib,upset_naive,per_family,Halo,1,1,0,0,-0.5016859877109527,-0.5016859877109527,-0.5016859877109527,-0.5016859877109527,True
ib,upset_ratio,per_dataset_all,ALL,77,47,0,30,-0.15273333122808633,-0.2010334372520447,-0.19327133453530018,-0.10866167220571268,True
ib,upset_ratio,per_family,Animal,1,1,0,0,-0.3608855909109116,-0.3608855909109116,-0.3608855909109116,-0.3608855909109116,True
ib,upset_ratio,per_family,Basketball_coarse,30,30,0,0,-0.33340510169665016,-0.3356395947933197,-0.33768439096510405,-0.32917496084968245,True
ib,upset_ratio,per_family,Basketball_finer,30,0,0,30,0.06353884123203654,0.06132119302637874,0.05991165000189406,0.06744791016699749,True
ib,upset_ratio,per_family,Faculty,3,3,0,0,-0.41270192464192706,-0.4293995881080628,-0.43659801244735724,-0.3721081733703613,True
ib,upset_ratio,per_family,Football_coarse,6,6,0,0,-0.2072797071933746,-0.21535181820392607,-0.23378912098209062,-0.1780244668871165,True
ib,upset_ratio,per_family,Football_finer,6,6,0,0,-0.09699998686710992,-0.0843476025760174,-0.12731729179620743,-0.06898233219981194,True
ib,upset_ratio,per_family,Halo,1,1,0,0,-0.23980916142463682,-0.23980916142463682,-0.23980916142463682,-0.23980916142463682,True
