dataset,family,status,n,m,upset_simple,upset_naive,upset_ratio,runtime_sec,error
Basketball_temporal/1985,Basketball_coarse,complete,282,2904,0.8711708188056946,0.21779270470142365,0.47251594066619873,0.6207237243652344,
Basketball_temporal/1986,Basketball_coarse,complete,283,2937,0.8885191082954407,0.22212977707386017,0.46015074849128723,0.8619475364685059,
Basketball_temporal/1987,Basketball_coarse,complete,290,3045,0.9280890226364136,0.2320222556591034,0.4958643615245819,0.6815752983093262,
Basketball_temporal/1988,Basketball_coarse,complete,290,3099,0.8376470804214478,0.20941177010536194,0.4646332263946533,0.5233545303344727,
Basketball_temporal/1989,Basketball_coarse,complete,293,3162,0.8496781587600708,0.2124195396900177,0.46857398748397827,0.23924636840820312,
Basketball_temporal/1990,Basketball_coarse,complete,292,3192,0.8741020560264587,0.21852551400661469,0.4652625620365143,0.0990288257598877,
Basketball_temporal/1991,Basketball_coarse,complete,295,3218,0.9933085441589355,0.9933085441589355,0.8604897260665894,0.12785696983337402,
Basketball_temporal/1992,Basketball_coarse,complete,298,3238,0.8337652683258057,0.20844131708145142,0.4508848786354065,0.07884001731872559,
Basketball_temporal/1993,Basketball_coarse,complete,298,3088,0.8660923838615417,0.21652309596538544,0.46948719024658203,0.07897686958312988,
Basketball_temporal/1994,Basketball_coarse,complete,301,3144,0.8608762621879578,0.21521906554698944,0.44600316882133484,0.08590555191040039,
Basketball_temporal/1995,Basketball_coarse,complete,302,3182,0.8858654499053955,0.22146636247634888,0.46931836009025574,0.16948866844177246,
Basketball_temporal/1996,Basketball_coarse,complete,305,3256,0.9262385368347168,0.2315596342086792,0.4969221353530884,0.34288740158081055,
Basketball_temporal/1997,Basketball_coarse,complete,305,3333,0.9385714530944824,0.2346428632736206,0.49173980951309204,0.14955925941467285,
Basketball_temporal/1998,Basketball_coarse,complete,306,3321,0.899433434009552,0.224858358502388,0.4915193021297455,0.7642569541931152,
Basketball_temporal/1999,Basketball_coarse,complete,310,3385,0.9157968163490295,0.22894920408725739,0.49679088592529297,0.6314280033111572,
Basketball_temporal/2000,Basketball_coarse,complete,318,3475,0.9101086854934692,0.2275271713733673,0.518941342830658,0.7871382236480713,
Basketball_temporal/2001,Basketball_coarse,complete,318,3405,0.8578247427940369,0.21445618569850922,0.4870036244392395,0.14104199409484863,
Basketball_temporal/2002,Basketball_coarse,complete,321,3505,0.9013333320617676,0.2253333330154419,0.5029059052467346,0.8950071334838867,
Basketball_temporal/2003,Basketball_coarse,complete,327,3560,0.9054142236709595,0.22635355591773987,0.5169199705123901,0.2011706829071045,
Basketball_temporal/2004,Basketball_coarse,complete,326,3527,0.8324538469314575,0.20811346173286438,0.4768500328063965,0.3179802894592285,
Basketball_temporal/2005,Basketball_coarse,complete,330,3622,0.9046251773834229,0.2261562943458557,0.5080308318138123,0.9060783386230469,
Basketball_temporal/2006,Basketball_coarse,complete,334,3695,0.8998132944107056,0.2249533236026764,0.5082051157951355,0.2182624340057373,
Basketball_temporal/2007,Basketball_coarse,complete,336,3974,0.9104563593864441,0.22761408984661102,0.5115879774093628,0.8354671001434326,
Basketball_temporal/2008,Basketball_coarse,complete,342,4051,0.9364096522331238,0.23410241305828094,0.5236302018165588,0.28054380416870117,
Basketball_temporal/2009,Basketball_coarse,complete,347,4155,0.8887656331062317,0.22219140827655792,0.5057045221328735,0.22564220428466797,
Basketball_temporal/2010,Basketball_coarse,complete,347,4133,0.8786633610725403,0.21966584026813507,0.5141290426254272,0.1650092601776123,
Basketball_temporal/2011,Basketball_coarse,complete,345,4086,0.9034405946731567,0.22586014866828918,0.5126327276229858,0.9612123966217041,
Basketball_temporal/2012,Basketball_coarse,complete,345,4126,0.8400770425796509,0.21001926064491272,0.4941120743751526,0.5900964736938477,
Basketball_temporal/2013,Basketball_coarse,complete,347,4153,0.9050615429878235,0.22626538574695587,0.5208020210266113,0.32622671127319336,
Basketball_temporal/2014,Basketball_coarse,complete,351,4196,0.9942857027053833,0.9942857027053833,0.893155038356781,1.1052987575531006,
Basketball_temporal/finer1985,Basketball_finer,complete,282,4814,0.7698113322257996,0.1924528330564499,0.0032107559964060783,0.17773890495300293,
Basketball_temporal/finer1986,Basketball_finer,complete,283,4862,0.7823553681373596,0.1955888420343399,0.0034685463178902864,0.8177018165588379,
Basketball_temporal/finer1987,Basketball_finer,complete,290,5088,0.8298294544219971,0.20745736360549927,0.0034659509547054768,0.6246886253356934,
Basketball_temporal/finer1988,Basketball_finer,complete,290,5170,0.7862176895141602,0.19655442237854004,0.003909609280526638,0.3043835163116455,
Basketball_temporal/finer1989,Basketball_finer,complete,293,5318,0.7821482419967651,0.19553706049919128,0.0035213378723710775,0.4768400192260742,
Basketball_temporal/finer1990,Basketball_finer,complete,292,5350,0.7942619919776917,0.1985654979944229,0.0036054058000445366,0.5102591514587402,
Basketball_temporal/finer1991,Basketball_finer,complete,295,5420,0.8223048448562622,0.20557621121406555,0.003827581414952874,0.4349076747894287,
Basketball_temporal/finer1992,Basketball_finer,complete,298,5444,0.7280799150466919,0.18201997876167297,0.003988114185631275,0.5839972496032715,
Basketball_temporal/finer1993,Basketball_finer,complete,298,5160,0.769351065158844,0.192337766289711,0.0037402876187115908,0.47397780418395996,
Basketball_temporal/finer1994,Basketball_finer,complete,301,5252,0.7606607675552368,0.1901651918888092,0.0038062804378569126,0.6179416179656982,
Basketball_temporal/finer1995,Basketball_finer,complete,302,5336,0.782181978225708,0.195545494556427,0.003950699232518673,0.7650277614593506,
Basketball_temporal/finer1996,Basketball_finer,complete,305,5498,0.8319296836853027,0.20798242092132568,0.004277551081031561,0.6349406242370605,
Basketball_temporal/finer1997,Basketball_finer,complete,305,5628,0.8422555327415466,0.21056388318538666,0.004851901438087225,0.45332765579223633,
Basketball_temporal/finer1998,Basketball_finer,complete,306,5684,0.789250373840332,0.197312593460083,0.00433633616194129,0.5115435123443604,
Basketball_temporal/finer1999,Basketball_finer,complete,310,5788,0.819979190826416,0.204994797706604,0.004905541427433491,0.18200063705444336,
Basketball_temporal/finer2000,Basketball_finer,complete,318,6274,0.8648302555084229,0.2162075638771057,0.004721872042864561,0.14827513694763184,
Basketball_temporal/finer2001,Basketball_finer,complete,318,6116,0.8131795525550842,0.20329488813877106,0.004427267704159021,0.23735332489013672,
Basketball_temporal/finer2002,Basketball_finer,complete,321,6192,0.8590953350067139,0.21477383375167847,0.004509883467108011,0.6190743446350098,
Basketball_temporal/finer2003,Basketball_finer,complete,327,6356,0.8999999761581421,0.22499999403953552,0.004611160606145859,0.17760443687438965,
Basketball_temporal/finer2004,Basketball_finer,complete,326,6316,0.7803320288658142,0.19508300721645355,0.004615833982825279,0.12669992446899414,
Basketball_temporal/finer2005,Basketball_finer,complete,330,6476,0.8596273064613342,0.21490682661533356,0.0047941203229129314,0.18030309677124023,
Basketball_temporal/finer2006,Basketball_finer,complete,334,6680,0.8390596508979797,0.20976491272449493,0.0050199697725474834,0.21637797355651855,
Basketball_temporal/finer2007,Basketball_finer,complete,336,7186,0.8832772374153137,0.22081930935382843,0.0050417352467775345,0.6783783435821533,
Basketball_temporal/finer2008,Basketball_finer,complete,342,7386,0.8500000238418579,0.21250000596046448,0.004868470132350922,0.9129364490509033,
Basketball_temporal/finer2009,Basketball_finer,complete,347,7478,0.8513622879981995,0.21284057199954987,0.00486555602401495,0.8989379405975342,
Basketball_temporal/finer2010,Basketball_finer,complete,347,7538,0.8143200874328613,0.20358002185821533,0.004627464339137077,0.9221744537353516,
Basketball_temporal/finer2011,Basketball_finer,complete,345,7504,0.8532478213310242,0.21331195533275604,0.004643465392291546,0.8909428119659424,
Basketball_temporal/finer2012,Basketball_finer,complete,345,7580,0.8256831765174866,0.20642079412937164,0.004787875805050135,0.8069562911987305,
Basketball_temporal/finer2013,Basketball_finer,complete,347,7616,0.8295904994010925,0.20739762485027313,0.004839139990508556,0.9987664222717285,
Basketball_temporal/finer2014,Basketball_finer,complete,351,7650,0.8504599332809448,0.2126149833202362,0.0041551124304533005,1.1295149326324463,
Dryad_animal_society,Animal,complete,21,193,0.9056603908538818,0.9056603908538818,0.7822694778442383,0.002143383026123047,
FacultyHiringNetworks/Business/Business_FM_Full_,Faculty,complete,113,1787,0.9429211020469666,0.9429211020469666,0.9429211020469666,0.08271026611328125,
FacultyHiringNetworks/ComputerScience/ComputerScience_FM_Full_,Faculty,complete,206,1407,0.9033404588699341,0.9033404588699341,0.9033404588699341,0.5841121673583984,
FacultyHiringNetworks/History/History_FM_Full_,Faculty,complete,145,1204,0.9210963249206543,0.9210963249206543,0.9210963249206543,0.1221010684967041,
Football_data_England_Premier_League/England_2009_2010,Football_coarse,complete,20,215,0.9512194991111755,0.23780487477779388,0.5069507956504822,0.004761457443237305,
Football_data_England_Premier_League/England_2010_2011,Football_coarse,complete,20,219,1.2919254302978516,0.3229813575744629,0.6571674346923828,0.0015842914581298828,
Football_data_England_Premier_League/England_2011_2012,Football_coarse,complete,20,226,0.8969696760177612,0.2242424190044403,0.5298089981079102,0.0044634342193603516,
Football_data_England_Premier_League/England_2012_2013,Football_coarse,complete,20,216,0.9411764740943909,0.23529411852359772,0.5469003319740295,0.0014433860778808594,
Football_data_England_Premier_League/England_2013_2014,Football_coarse,complete,20,222,0.8242424130439758,0.20606060326099396,0.5087640285491943,0.004441261291503906,
Football_data_England_Premier_League/England_2014_2015,Football_coarse,complete,20,107,1.1588784456253052,0.2897196114063263,0.7659345269203186,0.0014214515686035156,
Football_data_England_Premier_League/finerEngland_2009_2010,Football_finer,complete,20,380,0.8292682766914368,0.2073170691728592,0.15935778617858887,0.0044400691986083984,
Football_data_England_Premier_League/finerEngland_2010_2011,Football_finer,complete,20,380,1.1925466060638428,0.2981366515159607,0.16897132992744446,0.0014185905456542969,
Football_data_England_Premier_League/finerEngland_2011_2012,Football_finer,complete,20,380,0.9696969985961914,0.24242424964904785,0.1631384640932083,0.004433631896972656,
Football_data_England_Premier_League/finerEngland_2012_2013,Football_finer,complete,20,380,0.9411764740943909,0.23529411852359772,0.1453193724155426,0.001422882080078125,
Football_data_England_Premier_League/finerEngland_2013_2014,Football_finer,complete,20,380,0.8242424130439758,0.20606060326099396,0.19618624448776245,0.004434347152709961,
Football_data_England_Premier_League/finerEngland_2014_2015,Football_finer,complete,20,300,1.1214953660964966,0.28037384152412415,0.33747032284736633,0.0014224052429199219,
Halo2BetaData,Halo,complete,602,5010,0.9997892379760742,0.9997892379760742,0.9670833349227905,0.31551146507263184,
finance,Finance,complete,1315,1729225,1.6348304748535156,0.4087076187133789,0.2571907341480255,0.8981900215148926,
