comparison,config_a,config_b,metric,orientation,n_common,excluded_timeout_pairs,wins_b,ties,losses_b,mean_delta_b_minus_a,median_delta_b_minus_a,bootstrap_ci95_lo,bootstrap_ci95_hi,wilcoxon_p,effect_size_cliff,ci_excludes_zero,holm_adjusted_p,is_primary_comparison
A0_vs_A2,A0,A2,upset_simple,lower_better,77,0,76,0,1,-0.012501591865265999,-0.016630541115991784,-0.017541643360768293,-0.004306747406430735,4.729557384736219e-13,0.974025974025974,true,2.3647786923681094e-12,true
A0_vs_A2,A0,A2,upset_ratio,lower_better,77,0,50,0,27,-0.008790764656066317,-0.006778765865229935,-0.014113526603481223,-0.0040931805604022395,0.0008122404960534814,0.2987012987012987,true,,false
A0_vs_A2,A0,A2,upset_naive,lower_better,77,0,76,0,1,-2054.2987012986973,-1365.0,-2495.2766233766183,-1628.1198051948033,4.727527667335096e-13,0.974025974025974,true,,false
A0_vs_A2,A0,A2,removed_final_weight,lower_better,77,0,77,0,0,-103690.95194805195,-5385.0,-133103.39337662337,-76906.60542207793,2.4628307660238145e-14,1.0,true,,false
A0_vs_A2,A0,A2,normalized_removed_weight,lower_better,77,0,77,0,0,-0.2365249344186112,-0.18315789473684213,-0.2712545842293843,-0.20449024152854095,2.4628307660238145e-14,1.0,true,,false
A0_vs_A2,A0,A2,restored_edge_count,higher_better,77,0,77,0,0,1134.6623376623377,522.0,919.2253246753247,1370.462987012987,2.462127382630851e-14,1.0,true,,false
A0_vs_A2,A0,A2,mincut_accepted,higher_better,77,0,0,77,0,0.0,0.0,0.0,0.0,nan,0.0,false,,false
A0_vs_A2,A0,A2,mincut_gain,higher_better,77,0,0,77,0,0.0,0.0,0.0,0.0,nan,0.0,false,,false
A0_vs_A2,A0,A2,runtime_total_sec,lower_better,77,0,0,8,69,0.2528657882244556,0.2409191131591797,0.21257467084116752,0.2957054112638746,2.4628307660238145e-14,-1.0,true,,false
A1_vs_A2,A1,A2,upset_simple,lower_better,33,0,32,0,1,-0.006455687080283368,-0.01593999961636583,-0.016294026323529515,0.01127104535174598,7.480848580598831e-07,0.9393939393939394,false,1.4961697161197662e-06,true
A1_vs_A2,A1,A2,upset_ratio,lower_better,33,0,19,0,14,-0.008637692626636105,-0.003231274770622239,-0.019505210279610084,-0.0004227738884412325,0.20108755165711045,0.15151515151515152,true,,false
A1_vs_A2,A1,A2,upset_naive,lower_better,33,0,32,0,1,-1496.666666666665,-1078.0,-2234.341666666663,-716.4303030303032,9.758151920633141e-06,0.9393939393939394,true,,false
A1_vs_A2,A1,A2,removed_final_weight,lower_better,33,0,33,0,0,-1709.4545454545437,-1078.0,-2298.820454545449,-1138.565909090909,5.383190614355775e-07,1.0,true,,false
A1_vs_A2,A1,A2,normalized_removed_weight,lower_better,33,0,33,0,0,-0.015329973951382348,-0.01649484536082474,-0.017793378417890027,-0.012838189838222306,2.3283064365386963e-10,1.0,true,,false
A1_vs_A2,A1,A2,restored_edge_count,higher_better,33,0,18,15,0,35.24242424242424,3.0,20.90909090909091,51.0,0.00019609335453373022,1.0,true,,false
A1_vs_A2,A1,A2,mincut_accepted,higher_better,33,0,0,33,0,0.0,0.0,0.0,0.0,nan,0.0,false,,false
A1_vs_A2,A1,A2,mincut_gain,higher_better,33,0,0,33,0,0.0,0.0,0.0,0.0,nan,0.0,false,,false
A1_vs_A2,A1,A2,runtime_total_sec,lower_better,33,0,0,10,23,0.09454693216266054,0.08194637298583984,0.06252027912573381,0.1291294833024343,2.3283064365386963e-10,-1.0,true,,false
A2_vs_A5,A2,A5,upset_simple,lower_better,33,0,25,8,0,-0.001090085817838006,-0.00047315346929921454,-0.0017546311183436905,-0.0005684552299027911,5.960464477539063e-08,1.0,true,,false
A2_vs_A5,A2,A5,upset_ratio,lower_better,33,0,18,8,7,-0.0005728827315239922,-4.3850076416246386e-05,-0.0011474824605197222,-3.26249464886539e-05,0.05875152349472046,0.44,true,,false
A2_vs_A5,A2,A5,upset_naive,lower_better,33,0,25,8,0,-100.3636363636399,-51.0,-137.21818181819228,-64.48257575757754,1.2279185361336645e-05,1.0,true,,false
A2_vs_A5,A2,A5,removed_final_weight,lower_better,33,0,26,7,0,-98.72121212121566,-47.0,-135.5703030303049,-63.278939393942935,8.291147751986402e-06,1.0,true,8.291147751986402e-06,true
A2_vs_A5,A2,A5,normalized_removed_weight,lower_better,33,0,26,7,0,-0.0010388393368314438,-0.00047315346929921454,-0.0016852112551816215,-0.0005460508216423789,2.9802322387695312e-08,1.0,true,,false
A2_vs_A5,A2,A5,restored_edge_count,higher_better,33,0,0,24,9,-0.6363636363636364,0.0,-1.0613636363636363,-0.24242424242424243,0.00390625,-1.0,true,,false
A2_vs_A5,A2,A5,mincut_accepted,higher_better,33,0,26,7,0,7.242424242424242,10.0,5.786363636363637,8.666666666666666,1.0958829583289732e-06,1.0,true,,false
A2_vs_A5,A2,A5,mincut_gain,higher_better,33,0,26,7,0,98.72121212121566,47.0,63.27893939394287,135.57030303030476,8.291147751986402e-06,1.0,true,,false
A2_vs_A5,A2,A5,runtime_total_sec,lower_better,33,0,0,0,33,4.7497614513744,2.7599265575408936,3.2418268581231438,6.4696684560992495,2.3283064365386963e-10,-1.0,true,,false
A4_vs_A6,A4,A6,upset_simple,lower_better,77,0,58,13,6,-0.0006206775013743911,-0.00023387359769877492,-0.0010228641501437276,-0.00031765037021667995,2.3013163442084534e-10,0.8125,true,,false
A4_vs_A6,A4,A6,upset_ratio,lower_better,77,0,1,0,76,0.02139249073201242,0.015532977116097926,0.016842535112777113,0.026299193492270962,1.3067142736888652e-13,-0.974025974025974,true,,false
A4_vs_A6,A4,A6,upset_naive,lower_better,77,0,58,13,6,-56.09090909090796,-54.0,-70.94902597402296,-42.68798701298624,1.0007427484322093e-09,0.8125,true,,false
A4_vs_A6,A4,A6,removed_final_weight,lower_better,77,0,66,11,0,-119.65974025973988,-57.0,-144.98863636363816,-96.59051948051885,1.6386096794533732e-12,1.0,true,4.91582903836012e-12,true
A4_vs_A6,A4,A6,normalized_removed_weight,lower_better,77,0,66,11,0,-0.0008883020178237742,-0.00047315346929921454,-0.0012156688259662982,-0.0006236704194995036,1.640948467627228e-12,1.0,true,,false
A4_vs_A6,A4,A6,restored_edge_count,higher_better,77,0,0,55,22,-0.6493506493506493,0.0,-0.961038961038961,-0.36363636363636365,3.2716336299198955e-05,-1.0,true,,false
A4_vs_A6,A4,A6,mincut_accepted,higher_better,77,0,66,11,0,8.077922077922079,10.0,7.220779220779221,8.883116883116884,3.81189010308628e-15,1.0,true,,false
A4_vs_A6,A4,A6,mincut_gain,higher_better,77,0,66,11,0,119.65974025973988,57.0,96.59051948051884,144.98863636363816,1.6386096794533732e-12,1.0,true,,false
A4_vs_A6,A4,A6,runtime_total_sec,lower_better,77,0,0,0,77,5.471689713465703,3.496837615966797,4.459633212120502,6.594364549819525,2.4628307660238145e-14,-1.0,true,,false
A0_vs_A4,A0,A4,upset_simple,lower_better,77,0,76,0,1,-0.01291529609973502,-0.016905823739060674,-0.017954393796200754,-0.0048501859282486055,4.729557384736219e-13,0.974025974025974,true,2.3647786923681094e-12,true
A0_vs_A4,A0,A4,upset_ratio,lower_better,77,0,64,0,13,-0.03200388075275938,-0.0319045277141919,-0.0398362960595141,-0.02482503026266216,2.0168910553046764e-11,0.6623376623376623,true,,false
A0_vs_A4,A0,A4,upset_naive,lower_better,77,0,76,0,1,-2120.9350649350617,-1368.0,-2582.044805194801,-1685.4931818181817,4.728339457526939e-13,0.974025974025974,true,,false
A0_vs_A4,A0,A4,removed_final_weight,lower_better,77,0,77,0,0,-103690.95194805195,-5385.0,-133103.39337662337,-76906.60542207793,2.4628307660238145e-14,1.0,true,,false
A0_vs_A4,A0,A4,normalized_removed_weight,lower_better,77,0,77,0,0,-0.2365249344186112,-0.18315789473684213,-0.2712545842293843,-0.20449024152854095,2.4628307660238145e-14,1.0,true,,false
A0_vs_A4,A0,A4,restored_edge_count,higher_better,77,0,77,0,0,1134.6623376623377,522.0,919.2253246753247,1370.462987012987,2.462127382630851e-14,1.0,true,,false
A0_vs_A4,A0,A4,mincut_accepted,higher_better,77,0,0,77,0,0.0,0.0,0.0,0.0,nan,0.0,false,,false
A0_vs_A4,A0,A4,mincut_gain,higher_better,77,0,0,77,0,0.0,0.0,0.0,0.0,nan,0.0,false,,false
A0_vs_A4,A0,A4,runtime_total_sec,lower_better,77,0,0,0,77,0.36832790250902053,0.39050769805908203,0.3149428051787537,0.4236486400876726,2.4628307660238145e-14,-1.0,true,,false
P0_vs_P1,P0,P1,upset_simple,lower_better,33,0,18,15,0,-0.00140108723661456,-0.0007636876321766989,-0.002803443797336325,-0.0005645369298512676,7.62939453125e-06,1.0,true,,false
P0_vs_P1,P0,P1,restored_edge_count,higher_better,33,0,33,0,0,892.3333333333334,370.0,574.5969696969697,1237.7863636363634,2.3283064365386963e-10,1.0,true,,false
P0_vs_P1,P0,P1,runtime_total_sec,lower_better,33,0,0,6,27,0.12236897873155998,0.13309454917907715,0.09159732298417525,0.15638952146876942,2.3283064365386963e-10,-1.0,true,,false
P0_vs_P1,P0,P1,permutation_distance_vs_p1,higher_better,33,0,28,5,0,0.024190671145715634,0.01713399355685479,0.01734085590186369,0.03135196253543522,7.450580596923828e-09,1.0,true,,false
P0_vs_P2,P0,P2,upset_simple,lower_better,33,0,18,15,0,-0.0016212325076176484,-0.0007636876321766989,-0.0032907196654165037,-0.0006217309922069183,7.62939453125e-06,1.0,true,,false
P0_vs_P2,P0,P2,restored_edge_count,higher_better,33,0,33,0,0,896.1212121212121,383.0,579.2310606060606,1240.424242424242,2.3283064365386963e-10,1.0,true,,false
P0_vs_P2,P0,P2,runtime_total_sec,lower_better,33,0,0,6,27,0.12360475280068138,0.13456249237060547,0.0926897381291245,0.15757731650814863,2.3283064365386963e-10,-1.0,true,,false
P0_vs_P2,P0,P2,permutation_distance_vs_p1,higher_better,33,0,28,5,0,0.025032153357597973,0.019089732528041414,0.0182497579469673,0.03218312681297373,7.450580596923828e-09,1.0,true,,false
P0_vs_P3,P0,P3,upset_simple,lower_better,33,0,18,15,0,-0.0016271420269668923,-0.0007636876321766989,-0.0032947318452325324,-0.0006253203992017276,7.62939453125e-06,1.0,true,,false
P0_vs_P3,P0,P3,restored_edge_count,higher_better,33,0,33,0,0,896.6363636363636,385.0,579.7848484848485,1240.8537878787874,5.385990057983034e-07,1.0,true,,false
P0_vs_P3,P0,P3,runtime_total_sec,lower_better,33,0,0,5,28,0.12451403791254217,0.13649749755859375,0.09329278017535353,0.1586488752654104,2.3283064365386963e-10,-1.0,true,,false
P0_vs_P3,P0,P3,permutation_distance_vs_p1,higher_better,33,0,28,5,0,0.025082194290286467,0.019240724762726487,0.018300184303693092,0.03226330554573231,7.450580596923828e-09,1.0,true,,false
C0_A0_vs_C1_A0,C0_A0,C1_A0,upset_simple,lower_better,33,0,22,0,11,-4.414827147186178e-05,-0.002150537634408596,-0.00216533245798745,0.0026279887564740825,0.182668769499287,0.3333333333333333,false,,false
C0_A0_vs_C1_A0,C0_A0,C1_A0,upset_ratio,lower_better,33,0,22,0,11,-0.00983341372444641,-0.004590166527932538,-0.023024450562636894,-0.0004918701820859001,0.04634791240096092,0.3333333333333333,true,,false
C0_A0_vs_C1_A0,C0_A0,C1_A0,removed_final_weight,lower_better,33,0,23,0,10,-10904.372727272732,-132.0,-16781.04181818181,-5443.7153787878815,0.0003429877106100321,0.3939393939393939,true,,false
C0_A0_vs_C1_A0,C0_A0,C1_A0,runtime_total_sec,lower_better,33,0,0,7,26,0.1605926715966427,0.0920250415802002,0.10412091251575585,0.222690352526578,2.3283064365386963e-10,-1.0,true,,false
C0_A0_vs_C1_A0,C0_A0,C1_A0,permutation_distance_vs_p1,higher_better,33,0,0,33,0,0.0,0.0,0.0,0.0,nan,0.0,false,,false
C0_A4_vs_C1_A4,C0_A4,C1_A4,upset_simple,lower_better,33,0,25,2,6,-0.0012436614457684023,-0.0013146636384215316,-0.0024786476484760863,-0.00017682315941158866,0.004751680418848991,0.6129032258064516,true,,false
C0_A4_vs_C1_A4,C0_A4,C1_A4,upset_ratio,lower_better,33,0,21,1,11,-0.006313821691015158,-0.0030198574675242007,-0.010436883290349152,-0.0023686622056684073,0.008284066338092089,0.3125,true,,false
C0_A4_vs_C1_A4,C0_A4,C1_A4,removed_final_weight,lower_better,33,0,26,2,5,-312.8181818181818,-47.0,-474.85075757576453,-161.90833333333507,0.0001887025557345952,0.6774193548387096,true,,false
C0_A4_vs_C1_A4,C0_A4,C1_A4,runtime_total_sec,lower_better,33,0,0,7,26,0.15648455330819794,0.09843850135803223,0.10240307974092888,0.21602254780856037,2.3283064365386963e-10,-1.0,true,,false
C0_A4_vs_C1_A4,C0_A4,C1_A4,permutation_distance_vs_p1,higher_better,33,0,31,2,0,0.053847612574673735,0.04602621978644368,0.042341781951516576,0.06555422362082311,1.1735028812661596e-06,1.0,true,,false
Z15_A4_vs_Z12_A4,Z15_A4,Z12_A4,upset_simple,lower_better,33,0,2,31,0,-1.4915230613921082e-06,0.0,-4.426801447877895e-06,0.0,nan,1.0,false,,false
Z15_A4_vs_Z12_A4,Z15_A4,Z12_A4,removed_final_weight,lower_better,33,0,1,31,1,-0.9696969696969697,0.0,-5.0,2.090909090909091,nan,0.0,false,,false
Z15_A4_vs_Z12_A4,Z15_A4,Z12_A4,runtime_total_sec,lower_better,33,0,2,31,0,-0.0013703938686486447,-0.00029540061950683594,-0.0023484670754634973,-0.0005940285595980563,0.0005635845822201943,0.5151515151515151,true,,false
Z15_A4_vs_Z18_A4,Z15_A4,Z18_A4,upset_simple,lower_better,33,0,1,32,0,-2.660494319844605e-05,0.0,-7.981482959533815e-05,0.0,nan,1.0,false,,false
Z15_A4_vs_Z18_A4,Z15_A4,Z18_A4,removed_final_weight,lower_better,33,0,1,32,0,-0.030303030303030304,0.0,-0.09090909090909091,0.0,nan,1.0,false,,false
Z15_A4_vs_Z18_A4,Z15_A4,Z18_A4,runtime_total_sec,lower_better,33,0,2,30,1,0.0006357395287716027,-3.62396240234375e-05,-0.0013010137008898186,0.0038211764711322195,0.3669361248612404,0.15151515151515152,false,,false
R2_A4_vs_R0_A4,R2_A4,R0_A4,upset_simple,lower_better,33,0,0,13,20,0.0007356481078108456,6.568468069034772e-05,0.00018848204007685296,0.0014043663398825446,1.9073486328125e-06,-1.0,true,,false
R2_A4_vs_R0_A4,R2_A4,R0_A4,upset_ratio,lower_better,33,0,0,0,33,0.02787344563172707,0.017209796594409132,0.019485100941720436,0.037242302521754596,2.3283064365386963e-10,-1.0,true,,false
R2_A4_vs_R0_A4,R2_A4,R0_A4,runtime_total_sec,lower_better,33,0,33,0,0,-0.09444972963044138,-0.11355757713317871,-0.11288916233814124,-0.07664613254142531,2.3283064365386963e-10,1.0,true,,false
R2_A4_vs_R0_A4,R2_A4,R0_A4,permutation_distance_vs_p1,higher_better,33,0,1,13,19,-0.0011856691746419267,-1.8761374083034466e-05,-0.0026036728539783663,-7.807910069238306e-05,0.0002532800272204937,-0.9,true,,false
R2_A4_vs_R1_A4,R2_A4,R1_A4,upset_simple,lower_better,33,0,0,30,3,9.26576253837105e-05,0.0,0.0,0.00026493791887762425,nan,-1.0,false,,false
R2_A4_vs_R1_A4,R2_A4,R1_A4,upset_ratio,lower_better,33,0,0,0,33,0.006569767573541876,0.0051825578579375725,0.004293821993151592,0.009066254080439446,2.3283064365386963e-10,-1.0,true,,false
R2_A4_vs_R1_A4,R2_A4,R1_A4,runtime_total_sec,lower_better,33,0,25,7,1,-0.03576930363972982,-0.0435943603515625,-0.04419353712688793,-0.026279408642739963,2.0489096641540527e-08,0.9393939393939394,true,,false
R2_A4_vs_R1_A4,R2_A4,R1_A4,permutation_distance_vs_p1,higher_better,33,0,1,30,2,-0.0001600209115395469,0.0,-0.00047970315572425494,3.350233586679909e-07,nan,-0.3333333333333333,false,,false
R2_A4_vs_R3_A4,R2_A4,R3_A4,upset_simple,lower_better,33,0,1,32,0,-2.660494319844605e-05,0.0,-7.981482959533815e-05,0.0,nan,1.0,false,,false
R2_A4_vs_R3_A4,R2_A4,R3_A4,upset_ratio,lower_better,33,0,32,0,1,-0.006181001495067014,-0.005049176104376607,-0.00833853025470545,-0.0042131479364902955,4.656612873077393e-10,0.9393939393939394,true,,false
R2_A4_vs_R3_A4,R2_A4,R3_A4,runtime_total_sec,lower_better,33,0,0,0,33,0.06729625210617528,0.07301974296569824,0.05345647732416789,0.08216396497957631,2.3283064365386963e-10,-1.0,true,,false
R2_A4_vs_R3_A4,R2_A4,R3_A4,permutation_distance_vs_p1,higher_better,33,0,1,32,0,0.00015948963317384334,0.0,0.0,0.0004784688995215301,nan,1.0,false,,false
K20_A5_vs_K50_A5,K20_A5,K50_A5,mincut_attempts,higher_better,33,0,17,16,0,14.181818181818182,7.0,9.150757575757577,19.060606060606062,0.0001326859432953736,1.0,true,,false
K20_A5_vs_K50_A5,K20_A5,K50_A5,mincut_accepted,higher_better,33,0,8,25,0,0.45454545454545453,0.0,0.15151515151515152,0.7878787878787878,0.0078125,1.0,true,,false
K20_A5_vs_K50_A5,K20_A5,K50_A5,mincut_gain,higher_better,33,0,8,25,0,2.2969696969696973,0.0,0.6060606060606061,4.35833333333333,0.0078125,1.0,true,,false
K20_A5_vs_K50_A5,K20_A5,K50_A5,upset_simple,lower_better,33,0,7,26,0,-0.0001303717591285781,0.0,-0.0002677859988518654,-2.7571080251343996e-05,0.015625,1.0,true,,false
K20_A5_vs_K50_A5,K20_A5,K50_A5,runtime_total_sec,lower_better,33,0,6,1,26,0.1220662955081824,0.02053213119506836,0.061930943257880934,0.18805136807037115,0.00014457409270107746,-0.6363636363636364,true,,false
K50_A5_vs_K100_A5,K50_A5,K100_A5,mincut_attempts,higher_better,33,0,13,20,0,13.090909090909092,0.0,6.7257575757575765,19.760606060606044,0.000244140625,1.0,true,,false
K50_A5_vs_K100_A5,K50_A5,K100_A5,mincut_accepted,higher_better,33,0,4,29,0,0.24242424242424243,0.0,0.06060606060606061,0.48484848484848486,nan,1.0,true,,false
K50_A5_vs_K100_A5,K50_A5,K100_A5,mincut_gain,higher_better,33,0,4,29,0,0.8484848484848485,0.0,0.06060606060606061,1.878787878787879,nan,1.0,true,,false
K50_A5_vs_K100_A5,K50_A5,K100_A5,upset_simple,lower_better,33,0,4,29,0,-1.9729765774535007e-05,0.0,-3.9745918194131696e-05,-3.1763516805755905e-06,nan,1.0,true,,false
K50_A5_vs_K100_A5,K50_A5,K100_A5,runtime_total_sec,lower_better,33,0,11,4,18,0.10679321578054717,0.014225006103515625,0.011165709206552217,0.22155972484386327,0.17108511831611395,-0.21212121212121213,true,,false
K20_A5_vs_K100_A5,K20_A5,K100_A5,mincut_attempts,higher_better,33,0,17,16,0,27.272727272727273,7.0,16.69621212121212,37.96969696969697,0.00027288864585207705,1.0,true,,false
K20_A5_vs_K100_A5,K20_A5,K100_A5,mincut_accepted,higher_better,33,0,9,24,0,0.696969696969697,0.0,0.30303030303030304,1.1515151515151516,0.00390625,1.0,true,,false
K20_A5_vs_K100_A5,K20_A5,K100_A5,mincut_gain,higher_better,33,0,9,24,0,3.145454545454546,0.0,0.9333333333333337,5.806212121212121,0.00390625,1.0,true,,false
K20_A5_vs_K100_A5,K20_A5,K100_A5,upset_simple,lower_better,33,0,8,25,0,-0.0001501015249031131,0.0,-0.00028959233919612824,-4.429350417533417e-05,0.0078125,1.0,true,,false
K20_A5_vs_K100_A5,K20_A5,K100_A5,runtime_total_sec,lower_better,33,0,4,4,25,0.22885951128872958,0.03332710266113281,0.10096197019923818,0.38113631840908163,2.4799024686217308e-05,-0.696969696969697,true,,false
