dataset,family,config,config_hash,timestamp,status,n,m,density,total_edge_weight,removed_phaseA_count,removed_phaseA_weight,removed_final_count,removed_final_weight,normalized_removed_weight,restored_edge_count,mincut_attempts,mincut_accepted,mincut_gain,upset_simple,upset_ratio,upset_naive,permutation_distance_vs_p1,runtime_total_sec,runtime_phaseA_sec,runtime_phaseB_sec,runtime_phaseC_sec,runtime_mincut_sec,phase1_iterations,reinserted_per_pass,break_reason,terminal_classification
Basketball_temporal/1985,Basketball_coarse,R0_A4,712779aad638f619,1787631051.6450582,complete,282,2904,0.03664723252820474,40493.0,1074,4031.0,690,4031.0,0.09954807003679648,384,0,0,0.0,0.09954807003679648,0.46287807766192984,4031.0,0.09373816915272204,0.22820401191711426,0.08166027069091797,0.039957523345947266,0.0011112689971923828,0.0,758,[384],exhausted,
Basketball_temporal/1985,Basketball_coarse,R1_A4,712779aad638f619,1787631063.673755,complete,282,2904,0.03664723252820474,40493.0,1074,4031.0,690,4031.0,0.09954807003679648,384,0,0,0.0,0.09954807003679648,0.45446519068620217,4031.0,0.09373816915272204,0.2919449806213379,0.08367681503295898,0.04006767272949219,0.06282329559326172,0.0,758,[384],exhausted,
Basketball_temporal/1985,Basketball_coarse,R2_A4,712779aad638f619,1787631077.6458066,complete,282,2904,0.03664723252820474,40493.0,1074,4031.0,690,4031.0,0.09954807003679648,384,0,0,0.0,0.09954807003679648,0.4537179485826296,4031.0,0.09373816915272204,0.323894739151001,0.08223271369934082,0.040033578872680664,0.09594225883483887,0.0,758,[384],exhausted,
Basketball_temporal/1985,Basketball_coarse,R3_A4,712779aad638f619,1787631092.8097615,complete,282,2904,0.03664723252820474,40493.0,1074,4031.0,690,4031.0,0.09954807003679648,384,0,0,0.0,0.09954807003679648,0.45289884864555335,4031.0,0.09373816915272204,0.3833048343658447,0.08180880546569824,0.03978610038757324,0.15618515014648438,0.0,758,[384],exhausted,
Basketball_temporal/1988,Basketball_coarse,R0_A4,712779aad638f619,1787631051.879362,complete,290,3099,0.03697649445173607,47701.0,1155,4857.0,730,4857.0,0.1018217647428775,425,0,0,0.0,0.1018217647428775,0.47731721189228,4857.0,0.12735950363918386,0.2421400547027588,0.0828697681427002,0.05033469200134277,0.0011906623840332031,0.0,821,[425],exhausted,
Basketball_temporal/1988,Basketball_coarse,R1_A4,712779aad638f619,1787631063.9720736,complete,290,3099,0.03697649445173607,47701.0,1155,4857.0,730,4857.0,0.1018217647428775,425,0,0,0.0,0.1018217647428775,0.46882101861219627,4857.0,0.12735950363918386,0.3055286407470703,0.08241724967956543,0.05026698112487793,0.06498241424560547,0.0,821,[425],exhausted,
Basketball_temporal/1988,Basketball_coarse,R2_A4,712779aad638f619,1787631077.984432,complete,290,3099,0.03697649445173607,47701.0,1155,4857.0,730,4857.0,0.1018217647428775,425,0,0,0.0,0.1018217647428775,0.46823382169098277,4857.0,0.12735950363918386,0.33900022506713867,0.08251357078552246,0.050266265869140625,0.09847545623779297,0.0,821,[425],exhausted,
Basketball_temporal/1988,Basketball_coarse,R3_A4,712779aad638f619,1787631093.1999004,complete,290,3099,0.03697649445173607,47701.0,1155,4857.0,730,4857.0,0.1018217647428775,425,0,0,0.0,0.1018217647428775,0.46758316045072756,4857.0,0.12735950363918386,0.39861392974853516,0.08268356323242188,0.050406455993652344,0.1576380729675293,0.0,821,[425],exhausted,
Basketball_temporal/1991,Basketball_coarse,R0_A4,712779aad638f619,1787631052.1274574,complete,295,3218,0.03710365502133057,52133.0,1160,5308.0,749,5308.0,0.10181650777818273,411,0,0,0.0,0.10181650777818273,0.4577467651395487,5308.0,0.09678312002767209,0.33777928352355957,0.13216304779052734,0.047299861907958984,0.001238107681274414,0.0,875,[411],exhausted,
Basketball_temporal/1991,Basketball_coarse,R1_A4,712779aad638f619,1787631064.2839656,complete,295,3218,0.03710365502133057,52133.0,1160,5308.0,749,5308.0,0.10181650777818273,411,0,0,0.0,0.1017589626532139,0.45134975800282023,5305.0,0.09680618009915831,0.4020233154296875,0.13150787353515625,0.047090768814086914,0.06615519523620605,0.0,875,[411],exhausted,
Basketball_temporal/1991,Basketball_coarse,R2_A4,712779aad638f619,1787631078.3300698,complete,295,3218,0.03710365502133057,52133.0,1160,5308.0,749,5308.0,0.10181650777818273,411,0,0,0.0,0.1017589626532139,0.45049485269184525,5305.0,0.09680618009915831,0.44561767578125,0.13153815269470215,0.04695725440979004,0.10960769653320312,0.0,875,[411],exhausted,
Basketball_temporal/1991,Basketball_coarse,R3_A4,712779aad638f619,1787631093.613514,complete,295,3218,0.03710365502133057,52133.0,1160,5308.0,749,5308.0,0.10181650777818273,411,0,0,0.0,0.1017589626532139,0.44974687369358995,5305.0,0.09680618009915831,0.515587329864502,0.13159799575805664,0.047069549560546875,0.17897796630859375,0.0,875,[411],exhausted,
Basketball_temporal/1993,Basketball_coarse,R0_A4,712779aad638f619,1787631055.646939,complete,298,3088,0.03489028992384697,48535.0,1095,5035.0,710,5035.0,0.10373956938291955,385,0,0,0.0,0.10373956938291955,0.49449650937971307,5035.0,0.09276207262784444,0.2775137424468994,0.09997892379760742,0.05124831199645996,0.0011928081512451172,0.0,795,[385],exhausted,
Basketball_temporal/1993,Basketball_coarse,R1_A4,712779aad638f619,1787631068.4622293,complete,298,3088,0.03489028992384697,48535.0,1095,5035.0,710,5035.0,0.10373956938291955,385,0,0,0.0,0.10373956938291955,0.48887501229817915,5035.0,0.09276207262784444,0.34334635734558105,0.10006880760192871,0.05136990547180176,0.06659364700317383,0.0,795,[385],exhausted,
Basketball_temporal/1993,Basketball_coarse,R2_A4,712779aad638f619,1787631082.9133573,complete,298,3088,0.03489028992384697,48535.0,1095,5035.0,710,5035.0,0.10373956938291955,385,0,0,0.0,0.10373956938291955,0.48807612884221246,5035.0,0.09276207262784444,0.3821842670440674,0.09969472885131836,0.05114173889160156,0.10523438453674316,0.0,795,[385],exhausted,
Basketball_temporal/1993,Basketball_coarse,R3_A4,712779aad638f619,1787631098.861899,complete,298,3088,0.03489028992384697,48535.0,1095,5035.0,710,5035.0,0.10373956938291955,385,0,0,0.0,0.10373956938291955,0.48719660764618306,5035.0,0.09276207262784444,0.4552040100097656,0.10016489028930664,0.05130171775817871,0.17827320098876953,0.0,795,[385],exhausted,
Basketball_temporal/1994,Basketball_coarse,R0_A4,712779aad638f619,1787631052.4712665,complete,301,3144,0.03481727574750831,51068.0,1099,5093.0,705,5093.0,0.0997297720686144,394,0,0,0.0,0.0997297720686144,0.4650117971288989,5093.0,0.11362126245847176,0.27994537353515625,0.10030364990234375,0.05204892158508301,0.0012271404266357422,0.0,849,[394],exhausted,
Basketball_temporal/1994,Basketball_coarse,R1_A4,712779aad638f619,1787631064.6923707,complete,301,3144,0.03481727574750831,51068.0,1099,5093.0,705,5093.0,0.0997297720686144,394,0,0,0.0,0.09959269992950576,0.45906948081511106,5086.0,0.11364341085271318,0.34639716148376465,0.10054183006286621,0.05190134048461914,0.06744980812072754,0.0,849,[394],exhausted,
Basketball_temporal/1994,Basketball_coarse,R2_A4,712779aad638f619,1787631078.7823405,complete,301,3144,0.03481727574750831,51068.0,1099,5093.0,705,5093.0,0.0997297720686144,394,0,0,0.0,0.09959269992950576,0.45838042296032355,5086.0,0.11364341085271318,0.3902764320373535,0.10065746307373047,0.0518341064453125,0.11122488975524902,0.0,849,[394],exhausted,
Basketball_temporal/1994,Basketball_coarse,R3_A4,712779aad638f619,1787631094.136118,complete,301,3144,0.03481727574750831,51068.0,1099,5093.0,705,5093.0,0.0997297720686144,394,0,0,0.0,0.09959269992950576,0.45754685436339254,5086.0,0.11364341085271318,0.4640846252441406,0.10075163841247559,0.05209231376647949,0.1846628189086914,0.0,849,[394],exhausted,
Basketball_temporal/1997,Basketball_coarse,R0_A4,712779aad638f619,1787631052.7572944,complete,305,3333,0.035946937014667814,52037.0,1232,5857.0,787,5857.0,0.11255452850856122,445,0,0,0.0,0.11255452850856122,0.5118884859958043,5857.0,0.12965918895599654,0.35835862159729004,0.13668227195739746,0.05722379684448242,0.0012841224670410156,0.0,948,[445],exhausted,
Basketball_temporal/1997,Basketball_coarse,R1_A4,712779aad638f619,1787631065.0452297,complete,305,3333,0.035946937014667814,52037.0,1232,5857.0,787,5857.0,0.11255452850856122,445,0,0,0.0,0.11249687722197667,0.5052438251029514,5854.0,0.12968075927523728,0.4254634380340576,0.1362626552581787,0.057445526123046875,0.0685124397277832,0.0,948,[445],exhausted,
Basketball_temporal/1997,Basketball_coarse,R2_A4,712779aad638f619,1787631079.1792247,complete,305,3333,0.035946937014667814,52037.0,1232,5857.0,787,5857.0,0.11255452850856122,445,0,0,0.0,0.11249687722197667,0.503928745818332,5854.0,0.12968075927523728,0.4690513610839844,0.1369152069091797,0.057236671447753906,0.11178302764892578,0.0,948,[445],exhausted,
Basketball_temporal/1997,Basketball_coarse,R3_A4,712779aad638f619,1787631094.6072147,complete,305,3333,0.035946937014667814,52037.0,1232,5857.0,787,5857.0,0.11255452850856122,445,0,0,0.0,0.11249687722197667,0.5025760371552229,5854.0,0.12968075927523728,0.537893533706665,0.1367042064666748,0.057115793228149414,0.18106913566589355,0.0,948,[445],exhausted,
Basketball_temporal/2000,Basketball_coarse,R0_A4,712779aad638f619,1787631053.1217716,complete,318,3475,0.03447215443525187,55092.0,1189,5183.0,742,5183.0,0.09407899513540986,447,0,0,0.0,0.09407899513540986,0.5192976220189989,5183.0,0.09953772592901217,0.3476998805999756,0.1294405460357666,0.06000065803527832,0.0013883113861083984,0.0,888,[447],exhausted,
Basketball_temporal/2000,Basketball_coarse,R1_A4,712779aad638f619,1787631065.4770575,complete,318,3475,0.03447215443525187,55092.0,1189,5183.0,742,5183.0,0.09407899513540986,447,0,0,0.0,0.09407899513540986,0.5122318982142939,5183.0,0.09953772592901217,0.41843676567077637,0.12966322898864746,0.06023597717285156,0.07199883460998535,0.0,888,[447],exhausted,
Basketball_temporal/2000,Basketball_coarse,R2_A4,712779aad638f619,1787631079.6550555,complete,318,3475,0.03447215443525187,55092.0,1189,5183.0,742,5183.0,0.09407899513540986,447,0,0,0.0,0.09407899513540986,0.5113405684614751,5183.0,0.09953772592901217,0.4612574577331543,0.1301279067993164,0.0598602294921875,0.1141974925994873,0.0,888,[447],exhausted,
Basketball_temporal/2000,Basketball_coarse,R3_A4,712779aad638f619,1787631095.1521623,complete,318,3475,0.03447215443525187,55092.0,1189,5183.0,742,5183.0,0.09407899513540986,447,0,0,0.0,0.09407899513540986,0.5105568808542484,5183.0,0.09953772592901217,0.5386366844177246,0.12977981567382812,0.05996346473693848,0.19174790382385254,0.0,888,[447],exhausted,
Basketball_temporal/2003,Basketball_coarse,R0_A4,712779aad638f619,1787631053.4756532,complete,327,3560,0.03339524586780736,54489.0,1297,5833.0,785,5833.0,0.10704912918203674,512,0,0,0.0,0.10704912918203674,0.5062924422416042,5833.0,0.10759648036622202,0.34440183639526367,0.11931991577148438,0.07700061798095703,0.0014033317565917969,0.0,919,[512],exhausted,
Basketball_temporal/2003,Basketball_coarse,R1_A4,712779aad638f619,1787631065.9019833,complete,327,3560,0.03339524586780736,54489.0,1297,5833.0,785,5833.0,0.10704912918203674,512,0,0,0.0,0.10699407219805833,0.5013382602389865,5830.0,0.10761524174030505,0.415665864944458,0.11874651908874512,0.07683181762695312,0.07368636131286621,0.0,919,[512],exhausted,
Basketball_temporal/2003,Basketball_coarse,R2_A4,712779aad638f619,1787631080.123091,complete,327,3560,0.03339524586780736,54489.0,1297,5833.0,785,5833.0,0.10704912918203674,512,0,0,0.0,0.10699407219805833,0.500897334106028,5830.0,0.10761524174030505,0.46352076530456543,0.11915946006774902,0.07700109481811523,0.12032032012939453,0.0,919,[512],exhausted,
Basketball_temporal/2003,Basketball_coarse,R3_A4,712779aad638f619,1787631095.697824,complete,327,3560,0.03339524586780736,54489.0,1297,5833.0,785,5833.0,0.10704912918203674,512,0,0,0.0,0.10699407219805833,0.5003724253587118,5830.0,0.10761524174030505,0.5368764400482178,0.11905765533447266,0.07704830169677734,0.1936788558959961,0.0,919,[512],exhausted,
Basketball_temporal/2006,Basketball_coarse,R0_A4,712779aad638f619,1787631053.8262556,complete,334,3695,0.03322184459909011,55402.0,1312,6106.0,798,6106.0,0.11021262770297101,514,0,0,0.0,0.11021262770297101,0.5244518797758679,6106.0,0.12378845911780044,0.3986320495605469,0.14356517791748047,0.08093953132629395,0.0014600753784179688,0.0,942,[514],exhausted,
Basketball_temporal/2006,Basketball_coarse,R1_A4,712779aad638f619,1787631066.3241136,complete,334,3695,0.03322184459909011,55402.0,1312,6106.0,798,6106.0,0.11021262770297101,514,0,0,0.0,0.11012237825349265,0.5193223622524898,6101.0,0.12380644117171064,0.47188401222229004,0.14305782318115234,0.08113479614257812,0.07548284530639648,0.0,942,[514],exhausted,
Basketball_temporal/2006,Basketball_coarse,R2_A4,712779aad638f619,1787631080.593422,complete,334,3695,0.03322184459909011,55402.0,1312,6106.0,798,6106.0,0.11021262770297101,514,0,0,0.0,0.11012237825349265,0.5184200861286395,6101.0,0.12380644117171064,0.5166409015655518,0.14394092559814453,0.08080720901489258,0.1195211410522461,0.0,942,[514],exhausted,
Basketball_temporal/2006,Basketball_coarse,R3_A4,712779aad638f619,1787631096.241764,complete,334,3695,0.03322184459909011,55402.0,1312,6106.0,798,6106.0,0.11021262770297101,514,0,0,0.0,0.11012237825349265,0.5175996825159723,6101.0,0.12380644117171064,0.5884137153625488,0.14402484893798828,0.08122682571411133,0.19040966033935547,0.0,942,[514],exhausted,
Basketball_temporal/2009,Basketball_coarse,R0_A4,712779aad638f619,1787631054.2310333,complete,347,4155,0.034607119654844996,61946.0,1424,6309.0,902,6309.0,0.10184676976721661,522,0,0,0.0,0.10184676976721661,0.484777546401147,6309.0,0.10189735303426563,0.49057435989379883,0.1848282814025879,0.08687257766723633,0.0016319751739501953,0.0,1039,[522],exhausted,
Basketball_temporal/2009,Basketball_coarse,R1_A4,712779aad638f619,1787631066.80245,complete,347,4155,0.034607119654844996,61946.0,1424,6309.0,902,6309.0,0.10184676976721661,522,0,0,0.0,0.10184676976721661,0.47952179206476003,6309.0,0.10189735303426563,0.5690605640411377,0.18513941764831543,0.08711528778076172,0.07928657531738281,0.0,1039,[522],exhausted,
Basketball_temporal/2009,Basketball_coarse,R2_A4,712779aad638f619,1787631081.116735,complete,347,4155,0.034607119654844996,61946.0,1424,6309.0,902,6309.0,0.10184676976721661,522,0,0,0.0,0.10184676976721661,0.4790352369295716,6309.0,0.10189735303426563,0.6136569976806641,0.18566131591796875,0.08688163757324219,0.12334609031677246,0.0,1039,[522],exhausted,
Basketball_temporal/2009,Basketball_coarse,R3_A4,712779aad638f619,1787631096.837223,complete,347,4155,0.034607119654844996,61946.0,1424,6309.0,902,6309.0,0.10184676976721661,522,0,0,0.0,0.10184676976721661,0.47832491512940856,6309.0,0.10189735303426563,0.691474199295044,0.18576335906982422,0.08713936805725098,0.20099377632141113,0.0,1039,[522],exhausted,
Basketball_temporal/2012,Basketball_coarse,R0_A4,712779aad638f619,1787631054.7278266,complete,345,4126,0.034765756656555444,61534.0,1389,5988.0,827,5988.0,0.09731205512399649,562,0,0,0.0,0.09731205512399649,0.49822388711455895,5988.0,0.10107853050219076,0.426375150680542,0.15011119842529297,0.09235072135925293,0.0016605854034423828,0.0,969,[562],exhausted,
Basketball_temporal/2012,Basketball_coarse,R1_A4,712779aad638f619,1787631067.3861294,complete,345,4126,0.034765756656555444,61534.0,1389,5988.0,827,5988.0,0.09731205512399649,562,0,0,0.0,0.09731205512399649,0.49278137461474286,5988.0,0.10107853050219076,0.5046002864837646,0.15013861656188965,0.09299707412719727,0.07928085327148438,0.0,969,[562],exhausted,
Basketball_temporal/2012,Basketball_coarse,R2_A4,712779aad638f619,1787631081.7373798,complete,345,4126,0.034765756656555444,61534.0,1389,5988.0,827,5988.0,0.09731205512399649,562,0,0,0.0,0.09731205512399649,0.492115364842966,5988.0,0.10107853050219076,0.5556232929229736,0.15028047561645508,0.09223532676696777,0.1280357837677002,0.0,969,[562],exhausted,
Basketball_temporal/2012,Basketball_coarse,R3_A4,712779aad638f619,1787631097.5357864,complete,345,4126,0.034765756656555444,61534.0,1389,5988.0,827,5988.0,0.09731205512399649,562,0,0,0.0,0.09731205512399649,0.49141706592859585,5988.0,0.10107853050219076,0.623751163482666,0.15039300918579102,0.09261631965637207,0.19848895072937012,0.0,969,[562],exhausted,
Basketball_temporal/2014,Basketball_coarse,R0_A4,712779aad638f619,1787631055.1603081,complete,351,4196,0.03415547415547415,60897.0,1471,6400.0,874,6400.0,0.10509548910455359,597,0,0,0.0,0.10509548910455359,0.5102001039406111,6400.0,0.09507529507529508,0.4804060459136963,0.17014312744140625,0.10571837425231934,0.00167083740234375,0.0,1019,[597],exhausted,
Basketball_temporal/2014,Basketball_coarse,R1_A4,712779aad638f619,1787631067.8972635,complete,351,4196,0.03415547415547415,60897.0,1471,6400.0,874,6400.0,0.10509548910455359,597,0,0,0.0,0.10502980442386324,0.5051487081115187,6396.0,0.09509157509157509,0.5584940910339355,0.16979598999023438,0.10559511184692383,0.08022022247314453,0.0,1019,[597],exhausted,
Basketball_temporal/2014,Basketball_coarse,R2_A4,712779aad638f619,1787631082.2997801,complete,351,4196,0.03415547415547415,60897.0,1471,6400.0,874,6400.0,0.10509548910455359,597,0,0,0.0,0.10502980442386324,0.5046936609697489,6396.0,0.09509157509157509,0.6068451404571533,0.1699225902557373,0.10542678833007812,0.12877893447875977,0.0,1019,[597],exhausted,
Basketball_temporal/2014,Basketball_coarse,R3_A4,712779aad638f619,1787631098.1667264,complete,351,4196,0.03415547415547415,60897.0,1471,6400.0,874,6400.0,0.10509548910455359,597,0,0,0.0,0.10502980442386324,0.5040200774604723,6396.0,0.09509157509157509,0.6866788864135742,0.17053484916687012,0.10581111907958984,0.20650291442871094,0.0,1019,[597],exhausted,
Basketball_temporal/finer1985,Basketball_finer,R0_A4,712779aad638f619,1787631055.930613,complete,282,4814,0.06075061204916585,518633.4,4254,245469.7,2407,245469.7,0.4733009867856563,1847,0,0,0.0,0.4733009867856563,0.15586978403366397,245469.7,0.2374750763484011,0.46596598625183105,0.15999746322631836,0.10850238800048828,0.0012080669403076172,0.0,4244,[1847],exhausted,
Basketball_temporal/finer1985,Basketball_finer,R1_A4,712779aad638f619,1787631068.8120658,complete,282,4814,0.06075061204916585,518633.4,4254,245469.7,2407,245469.7,0.4733009867856563,1847,0,0,0.0,0.4728093100058731,0.13997846994254426,245214.7,0.2378031851795765,0.5292720794677734,0.1598200798034668,0.10887479782104492,0.06473469734191895,0.0,4244,[1847],exhausted,
Basketball_temporal/finer1985,Basketball_finer,R2_A4,712779aad638f619,1787631083.3041291,complete,282,4814,0.06075061204916585,518633.4,4254,245469.7,2407,245469.7,0.4733009867856563,1847,0,0,0.0,0.4728093100058731,0.1283160959895218,245214.7,0.2378031851795765,0.5864064693450928,0.16027164459228516,0.10863018035888672,0.12000727653503418,0.0,4244,[1847],exhausted,
Basketball_temporal/finer1985,Basketball_finer,R3_A4,712779aad638f619,1787631099.3242247,complete,282,4814,0.06075061204916585,518633.4,4254,245469.7,2407,245469.7,0.4733009867856563,1847,0,0,0.0,0.4728093100058731,0.1135729796268478,245214.7,0.2378031851795765,0.6821689605712891,0.1597142219543457,0.10892581939697266,0.21688294410705566,0.0,4244,[1847],exhausted,
Basketball_temporal/finer1988,Basketball_finer,R0_A4,712779aad638f619,1787631056.4027643,complete,290,5170,0.06168714950483236,584038.0,4564,275802.5,2585,275802.5,0.4722338272509665,1979,0,0,0.0,0.4722338272509665,0.14449769790454048,275802.5,0.23772819472616633,0.5061426162719727,0.17107272148132324,0.12391805648803711,0.0012865066528320312,0.0,4554,[1979],exhausted,
Basketball_temporal/finer1988,Basketball_finer,R1_A4,712779aad638f619,1787631069.3477864,complete,290,5170,0.06168714950483236,584038.0,4564,275802.5,2585,275802.5,0.4722338272509665,1979,0,0,0.0,0.4716996154359819,0.1299033744962731,275490.5,0.23806228373702423,0.57431960105896,0.17184758186340332,0.12425875663757324,0.06749558448791504,0.0,4554,[1979],exhausted,
Basketball_temporal/finer1988,Basketball_finer,R2_A4,712779aad638f619,1787631083.8973768,complete,290,5170,0.06168714950483236,584038.0,4564,275802.5,2585,275802.5,0.4722338272509665,1979,0,0,0.0,0.4716996154359819,0.11920099473811667,275490.5,0.23806228373702423,0.6299569606781006,0.17053818702697754,0.12374734878540039,0.1260852813720703,0.0,4554,[1979],exhausted,
Basketball_temporal/finer1988,Basketball_finer,R3_A4,712779aad638f619,1787631100.0135438,complete,290,5170,0.06168714950483236,584038.0,4564,275802.5,2585,275802.5,0.4722338272509665,1979,0,0,0.0,0.4716996154359819,0.10381476864024917,275490.5,0.23806228373702423,0.7306225299835205,0.17108631134033203,0.12436389923095703,0.2251570224761963,0.0,4554,[1979],exhausted,
Basketball_temporal/finer1991,Basketball_finer,R0_A4,712779aad638f619,1787631056.9231298,complete,295,5420,0.062492793727660555,630782.6,4751,297366.3,2710,297366.3,0.47142438615142523,2041,0,0,0.0,0.47142438615142523,0.13622431434504015,297366.3,0.19647180906260808,0.5728976726531982,0.19629979133605957,0.13853907585144043,0.0013582706451416016,0.0,4743,[2041],exhausted,
Basketball_temporal/finer1991,Basketball_finer,R1_A4,712779aad638f619,1787631069.9286826,complete,295,5420,0.062492793727660555,630782.6,4751,297366.3,2710,297366.3,0.47142438615142523,2041,0,0,0.0,0.4712848769132186,0.1267638942225707,297278.3,0.19665628963449786,0.6404173374176025,0.19617390632629395,0.1386277675628662,0.0687110424041748,0.0,4743,[2041],exhausted,
Basketball_temporal/finer1991,Basketball_finer,R2_A4,712779aad638f619,1787631084.5341442,complete,295,5420,0.062492793727660555,630782.6,4751,297366.3,2710,297366.3,0.47142438615142523,2041,0,0,0.0,0.4712785355842091,0.12240264038768793,297274.29999999993,0.19667934970598408,0.6868298053741455,0.19593119621276855,0.13817286491394043,0.11533188819885254,0.0,4743,[2041],exhausted,
Basketball_temporal/finer1991,Basketball_finer,R3_A4,712779aad638f619,1787631100.7513561,complete,295,5420,0.062492793727660555,630782.6,4751,297366.3,2710,297366.3,0.47142438615142523,2041,0,0,0.0,0.4712785355842091,0.11545193750171973,297274.29999999993,0.19667934970598408,0.7682113647460938,0.19634294509887695,0.13848471641540527,0.1961665153503418,0.0,4743,[2041],exhausted,
Basketball_temporal/finer1994,Basketball_finer,R0_A4,712779aad638f619,1787631057.5022273,complete,301,5252,0.058161683277962346,608682.0,4644,287064.0,2626,287064.0,0.47161572052401746,2018,0,0,0.0,0.47161572052401746,0.14357569367623405,287064.0,0.21794019933554817,0.5387141704559326,0.18248224258422852,0.13294601440429688,0.001318216323852539,0.0,4634,[2018],exhausted,
Basketball_temporal/finer1994,Basketball_finer,R1_A4,712779aad638f619,1787631070.575637,complete,301,5252,0.058161683277962346,608682.0,4644,287064.0,2626,287064.0,0.47161572052401746,2018,0,0,0.0,0.4711097091749058,0.1281761963009711,286756.0,0.218250276854928,0.7078380584716797,0.18278717994689941,0.13276338577270508,0.17008590698242188,0.0,4634,[2018],exhausted,
Basketball_temporal/finer1994,Basketball_finer,R2_A4,712779aad638f619,1787631085.2277687,complete,301,5252,0.058161683277962346,608682.0,4644,287064.0,2626,287064.0,0.47161572052401746,2018,0,0,0.0,0.4711097091749058,0.11848554236812299,286756.0,0.218250276854928,0.6692807674407959,0.1821587085723877,0.13245820999145508,0.13153886795043945,0.0,4634,[2018],exhausted,
Basketball_temporal/finer1994,Basketball_finer,R3_A4,712779aad638f619,1787631101.526708,complete,301,5252,0.058161683277962346,608682.0,4644,287064.0,2626,287064.0,0.47161572052401746,2018,0,0,0.0,0.4711097091749058,0.10468227426120494,286756.0,0.218250276854928,0.7778177261352539,0.18269562721252441,0.13291215896606445,0.2398819923400879,0.0,4634,[2018],exhausted,
Basketball_temporal/finer1997,Basketball_finer,R0_A4,712779aad638f619,1787631058.0472138,complete,305,5628,0.06069887834339948,582710.0,4983,274410.5,2814,274410.5,0.47092121295327005,2169,0,0,0.0,0.47092121295327005,0.14324740812947453,274410.5,0.23352027610008627,0.5932347774505615,0.19863176345825195,0.15270662307739258,0.0013942718505859375,0.0,4975,[2169],exhausted,
Basketball_temporal/finer1997,Basketball_finer,R1_A4,712779aad638f619,1787631071.2901516,complete,305,5628,0.06069887834339948,582710.0,4983,274410.5,2814,274410.5,0.47092121295327005,2169,0,0,0.0,0.47060029860479485,0.13543053523643783,274223.5,0.23373597929249354,0.6644890308380127,0.19869637489318848,0.15272736549377441,0.07175302505493164,0.0,4975,[2169],exhausted,
Basketball_temporal/finer1997,Basketball_finer,R2_A4,712779aad638f619,1787631085.9038596,complete,305,5628,0.06069887834339948,582710.0,4983,274410.5,2814,274410.5,0.47092121295327005,2169,0,0,0.0,0.47060029860479485,0.12989884351136005,274223.5,0.23373597929249354,0.7202301025390625,0.19814467430114746,0.1527411937713623,0.12862348556518555,0.0,4975,[2169],exhausted,
Basketball_temporal/finer1997,Basketball_finer,R3_A4,712779aad638f619,1787631102.3117518,complete,305,5628,0.06069887834339948,582710.0,4983,274410.5,2814,274410.5,0.47092121295327005,2169,0,0,0.0,0.47060029860479485,0.12091517921626896,274223.5,0.23373597929249354,0.8221132755279541,0.19833588600158691,0.15228700637817383,0.23043227195739746,0.0,4975,[2169],exhausted,
Basketball_temporal/finer2000,Basketball_finer,R0_A4,712779aad638f619,1787631058.6466954,complete,318,6274,0.06223835882784755,634382.8,5565,298067.9,3137,298067.9,0.46985495193123145,2428,0,0,0.0,0.46985495193123145,0.1377943847595876,298067.9,0.1936987877705692,0.7538340091705322,0.25679945945739746,0.19225025177001953,0.0015718936920166016,0.0,5563,[2428],exhausted,
Basketball_temporal/finer2000,Basketball_finer,R1_A4,712779aad638f619,1787631071.9611926,complete,318,6274,0.06223835882784755,634382.8,5565,298067.9,3137,298067.9,0.46985495193123145,2428,0,0,0.0,0.46960746728946623,0.12629442237488903,297910.9,0.1938773485705216,0.8290994167327881,0.25811266899108887,0.1921534538269043,0.07533788681030273,0.0,5563,[2428],exhausted,
Basketball_temporal/finer2000,Basketball_finer,R2_A4,712779aad638f619,1787631086.630902,complete,318,6274,0.06223835882784755,634382.8,5565,298067.9,3137,298067.9,0.46985495193123145,2428,0,0,0.0,0.46960746728946623,0.11973870437395276,297910.9,0.1938773485705216,0.8875231742858887,0.25715065002441406,0.19146966934204102,0.13570427894592285,0.0,5563,[2428],exhausted,
Basketball_temporal/finer2000,Basketball_finer,R3_A4,712779aad638f619,1787631103.1409776,complete,318,6274,0.06223835882784755,634382.8,5565,298067.9,3137,298067.9,0.46985495193123145,2428,0,0,0.0,0.46960746728946623,0.11107968578045446,297910.9,0.1938773485705216,0.9783082008361816,0.2569160461425781,0.1914839744567871,0.2266693115234375,0.0,5563,[2428],exhausted,
Basketball_temporal/finer2003,Basketball_finer,R0_A4,712779aad638f619,1787631059.406813,complete,327,6356,0.05962364683589426,645095.2,5635,304576.6,3178,304576.6,0.47214209623633846,2457,0,0,0.0,0.47214209623633846,0.1356623729290675,304576.6,0.24136507757828182,0.7897255420684814,0.2544264793395996,0.22703051567077637,0.0015902519226074219,0.0,5628,[2457],exhausted,
Basketball_temporal/finer2003,Basketball_finer,R1_A4,712779aad638f619,1787631072.80506,complete,327,6356,0.05962364683589426,645095.2,5635,304576.6,3178,304576.6,0.47214209623633846,2457,0,0,0.0,0.47199018067410825,0.12506529030487837,304478.6,0.24151516857094613,0.858483076095581,0.2536189556121826,0.22594618797302246,0.0775146484375,0.0,5628,[2457],exhausted,
Basketball_temporal/finer2003,Basketball_finer,R2_A4,712779aad638f619,1787631087.5252688,complete,327,6356,0.05962364683589426,645095.2,5635,304576.6,3178,304576.6,0.47214209623633846,2457,0,0,0.0,0.47199018067410825,0.1198827324469408,304478.6,0.24151516857094613,0.917783260345459,0.25441527366638184,0.22585248947143555,0.13547039031982422,0.0,5628,[2457],exhausted,
Basketball_temporal/finer2003,Basketball_finer,R3_A4,712779aad638f619,1787631104.1345348,complete,327,6356,0.05962364683589426,645095.2,5635,304576.6,3178,304576.6,0.47214209623633846,2457,0,0,0.0,0.47199018067410825,0.11251103410053986,304478.6,0.24151516857094613,1.0931334495544434,0.25376200675964355,0.22637581825256348,0.24094343185424805,0.0,5628,[2457],exhausted,
Basketball_temporal/finer2006,Basketball_finer,R0_A4,712779aad638f619,1787631060.2031,complete,334,6680,0.06006006006006006,653869.4,5926,308180.7,3340,308180.7,0.47131843147882435,2586,0,0,0.0,0.47131843147882435,0.13862773969469852,308180.7,0.22072971174767583,0.8169419765472412,0.26947474479675293,0.22773289680480957,0.0016937255859375,0.0,5915,[2586],exhausted,
Basketball_temporal/finer2006,Basketball_finer,R1_A4,712779aad638f619,1787631073.6703098,complete,334,6680,0.06006006006006006,653869.4,5926,308180.7,3340,308180.7,0.47131843147882435,2586,0,0,0.0,0.4711257324474887,0.1264627394199587,308054.69999999995,0.2208915502328676,0.8964076042175293,0.2689383029937744,0.2294759750366211,0.0799708366394043,0.0,5915,[2586],exhausted,
Basketball_temporal/finer2006,Basketball_finer,R2_A4,712779aad638f619,1787631088.4579883,complete,334,6680,0.06006006006006006,653869.4,5926,308180.7,3340,308180.7,0.47131843147882435,2586,0,0,0.0,0.4711257324474887,0.11759008929366013,308054.69999999995,0.2208915502328676,0.9652724266052246,0.26845598220825195,0.22850656509399414,0.14952731132507324,0.0,5915,[2586],exhausted,
Basketball_temporal/finer2006,Basketball_finer,R3_A4,712779aad638f619,1787631105.2348943,complete,334,6680,0.06006006006006006,653869.4,5926,308180.7,3340,308180.7,0.47131843147882435,2586,0,0,0.0,0.4711257324474887,0.10500329019735599,308054.69999999995,0.2208915502328676,1.0874178409576416,0.2692229747772217,0.22808623313903809,0.2705998420715332,0.0,5915,[2586],exhausted,
Basketball_temporal/finer2009,Basketball_finer,R0_A4,712779aad638f619,1787631061.0263808,complete,347,7478,0.06228448634871983,714987.7999999999,6668,336829.9,3739,336829.9,0.4710988075600731,2929,0,0,0.0,0.4710988075600731,0.13770851824912297,336829.9,0.20187902916826306,0.9390926361083984,0.2927703857421875,0.297288179397583,0.0018761157989501953,0.0,6663,[2929],exhausted,
Basketball_temporal/finer2009,Basketball_finer,R1_A4,712779aad638f619,1787631074.573301,complete,347,7478,0.06228448634871983,714987.7999999999,6668,336829.9,3739,336829.9,0.4710988075600731,2929,0,0,0.0,0.4708414605116339,0.12623353838242204,336645.89999999997,0.20207892588829104,1.0220603942871094,0.2936711311340332,0.29609203338623047,0.0843348503112793,0.0,6663,[2929],exhausted,
Basketball_temporal/finer2009,Basketball_finer,R2_A4,712779aad638f619,1787631089.4301214,complete,347,7478,0.06228448634871983,714987.7999999999,6668,336829.9,3739,336829.9,0.4710988075600731,2929,0,0,0.0,0.4708414605116339,0.12049872165471384,336645.89999999997,0.20207892588829104,1.0962035655975342,0.29392099380493164,0.2961306571960449,0.15731000900268555,0.0,6663,[2929],exhausted,
Basketball_temporal/finer2009,Basketball_finer,R3_A4,712779aad638f619,1787631106.3295374,complete,347,7478,0.06228448634871983,714987.7999999999,6668,336829.9,3739,336829.9,0.4710988075600731,2929,0,0,0.0,0.4708414605116339,0.11306206917903375,336645.89999999997,0.20207892588829104,1.2011847496032715,0.29355549812316895,0.29572296142578125,0.26311349868774414,0.0,6663,[2929],exhausted,
Basketball_temporal/finer2012,Basketball_finer,R0_A4,712779aad638f619,1787631061.979864,complete,345,7580,0.06386922817660937,709133.5999999999,6744,333077.3,3790,333077.3,0.46969611932081634,2954,0,0,0.0,0.46969611932081634,0.1517753052288183,333077.3,0.19191102123356926,0.9618265628814697,0.31613731384277344,0.27330565452575684,0.001871347427368164,0.0,6737,[2954],exhausted,
Basketball_temporal/finer2012,Basketball_finer,R1_A4,712779aad638f619,1787631075.6019516,complete,345,7580,0.06386922817660937,709133.5999999999,6744,333077.3,3790,333077.3,0.46969611932081634,2954,0,0,0.0,0.46959317680053536,0.13318305856636034,333004.30000000005,0.19202898550724637,1.0477979183197021,0.31705212593078613,0.27307558059692383,0.0841214656829834,0.0,6737,[2954],exhausted,
Basketball_temporal/finer2012,Basketball_finer,R2_A4,712779aad638f619,1787631090.5332186,complete,345,7580,0.06386922817660937,709133.5999999999,6744,333077.3,3790,333077.3,0.46969611932081634,2954,0,0,0.0,0.46959317680053536,0.12414116979929576,333004.30000000005,0.19202898550724637,1.115689754486084,0.3167915344238281,0.27300024032592773,0.15373945236206055,0.0,6737,[2954],exhausted,
Basketball_temporal/finer2012,Basketball_finer,R3_A4,712779aad638f619,1787631107.537926,complete,345,7580,0.06386922817660937,709133.5999999999,6744,333077.3,3790,333077.3,0.46969611932081634,2954,0,0,0.0,0.46959317680053536,0.11428353194452746,333004.30000000005,0.19202898550724637,1.232435703277588,0.3162956237792969,0.2731294631958008,0.271592378616333,0.0,6737,[2954],exhausted,
Dryad_animal_society,Animal,R0_A4,712779aad638f619,1787631063.1310043,complete,21,193,0.4595238095238095,939.0,60,74.0,42,74.0,0.07880724174653887,18,0,0,0.0,0.07880724174653887,0.4459050280269133,74.0,0.0380952380952381,0.004095554351806641,0.0007565021514892578,0.0003631114959716797,8.440017700195312e-05,0.0,37,[18],exhausted,
Dryad_animal_society,Animal,R1_A4,712779aad638f619,1787631076.9636192,complete,21,193,0.4595238095238095,939.0,60,74.0,42,74.0,0.07880724174653887,18,0,0,0.0,0.07880724174653887,0.3658637192798882,74.0,0.0380952380952381,0.008211851119995117,0.0007865428924560547,0.0003638267517089844,0.004159212112426758,0.0,37,[18],exhausted,
Dryad_animal_society,Animal,R2_A4,712779aad638f619,1787631092.0452778,complete,21,193,0.4595238095238095,939.0,60,74.0,42,74.0,0.07880724174653887,18,0,0,0.0,0.07880724174653887,0.3533387265554227,74.0,0.0380952380952381,0.0115509033203125,0.0007605552673339844,0.000370025634765625,0.007507801055908203,0.0,37,[18],exhausted,
Dryad_animal_society,Animal,R3_A4,712779aad638f619,1787631109.3060899,complete,21,193,0.4595238095238095,939.0,60,74.0,42,74.0,0.07880724174653887,18,0,0,0.0,0.07880724174653887,0.3503294300678462,74.0,0.0380952380952381,0.01748824119567871,0.0007393360137939453,0.00036454200744628906,0.013444662094116211,0.0,37,[18],exhausted,
FacultyHiringNetworks/Business/Business_FM_Full_,Faculty,R0_A4,712779aad638f619,1787631063.0458636,complete,113,1787,0.14119785082174463,3255.0,308,159.0,133,159.0,0.04884792626728111,175,0,0,0.0,0.04884792626728111,0.4879582476096295,159.0,0.09165613147914033,0.027246475219726562,0.0031633377075195312,0.005422830581665039,0.0007905960083007812,0.0,68,[175],exhausted,
FacultyHiringNetworks/Business/Business_FM_Full_,Faculty,R1_A4,712779aad638f619,1787631076.778726,complete,113,1787,0.14119785082174463,3255.0,308,159.0,133,159.0,0.04884792626728111,175,0,0,0.0,0.04884792626728111,0.4305413666016482,159.0,0.09165613147914033,0.05247950553894043,0.0031723976135253906,0.005382537841796875,0.025945425033569336,0.0,68,[175],exhausted,
FacultyHiringNetworks/Business/Business_FM_Full_,Faculty,R2_A4,712779aad638f619,1787631091.800482,complete,113,1787,0.14119785082174463,3255.0,308,159.0,133,159.0,0.04884792626728111,175,0,0,0.0,0.04884792626728111,0.42257671846794553,159.0,0.09165613147914033,0.07312870025634766,0.0031876564025878906,0.005461215972900391,0.046578407287597656,0.0,68,[175],exhausted,
FacultyHiringNetworks/Business/Business_FM_Full_,Faculty,R3_A4,712779aad638f619,1787631108.9625638,complete,113,1787,0.14119785082174463,3255.0,308,159.0,133,159.0,0.04884792626728111,175,0,0,0.0,0.04884792626728111,0.4175275423635689,159.0,0.09165613147914033,0.1041865348815918,0.0031366348266601562,0.005414485931396484,0.07779431343078613,0.0,68,[175],exhausted,
FacultyHiringNetworks/ComputerScience/ComputerScience_FM_Full_,Faculty,R0_A4,712779aad638f619,1787631063.1021616,complete,206,1407,0.033317546767700684,1957.0,176,66.0,62,66.0,0.03372508942258559,114,0,0,0.0,0.03372508942258559,0.5737833399383746,66.0,0.1369168837319441,0.023022890090942383,0.0018932819366455078,0.00519561767578125,0.0007116794586181641,0.0,27,[114],exhausted,
FacultyHiringNetworks/ComputerScience/ComputerScience_FM_Full_,Faculty,R1_A4,712779aad638f619,1787631076.891384,complete,206,1407,0.033317546767700684,1957.0,176,66.0,62,66.0,0.03372508942258559,114,0,0,0.0,0.03372508942258559,0.5507223044079581,66.0,0.1369168837319441,0.0661323070526123,0.0019011497497558594,0.005110025405883789,0.04392123222351074,0.0,27,[114],exhausted,
FacultyHiringNetworks/ComputerScience/ComputerScience_FM_Full_,Faculty,R2_A4,712779aad638f619,1787631091.9550471,complete,206,1407,0.033317546767700684,1957.0,176,66.0,62,66.0,0.03372508942258559,114,0,0,0.0,0.03372508942258559,0.5498087119561136,66.0,0.1369168837319441,0.08383345603942871,0.0019261837005615234,0.0051114559173583984,0.06159043312072754,0.0,27,[114],exhausted,
FacultyHiringNetworks/ComputerScience/ComputerScience_FM_Full_,Faculty,R3_A4,712779aad638f619,1787631109.1843383,complete,206,1407,0.033317546767700684,1957.0,176,66.0,62,66.0,0.03372508942258559,114,0,0,0.0,0.03372508942258559,0.5490430953086223,66.0,0.1369168837319441,0.11465167999267578,0.0018928050994873047,0.0051195621490478516,0.09244728088378906,0.0,27,[114],exhausted,
FacultyHiringNetworks/History/History_FM_Full_,Faculty,R0_A4,712779aad638f619,1787631063.0789208,complete,145,1204,0.057662835249042144,1776.0,144,54.0,52,54.0,0.030405405405405407,92,0,0,0.0,0.030405405405405407,0.5170612976755534,54.0,0.11293103448275862,0.0174713134765625,0.0011434555053710938,0.0032775402069091797,0.0005779266357421875,0.0,26,[92],exhausted,
FacultyHiringNetworks/History/History_FM_Full_,Faculty,R1_A4,712779aad638f619,1787631076.8373044,complete,145,1204,0.057662835249042144,1776.0,144,54.0,52,54.0,0.030405405405405407,92,0,0,0.0,0.030405405405405407,0.45457759082573107,54.0,0.11293103448275862,0.047987937927246094,0.0011501312255859375,0.003265380859375,0.03125882148742676,0.0,26,[92],exhausted,
FacultyHiringNetworks/History/History_FM_Full_,Faculty,R2_A4,712779aad638f619,1787631091.8802857,complete,145,1204,0.057662835249042144,1776.0,144,54.0,52,54.0,0.030405405405405407,92,0,0,0.0,0.030405405405405407,0.44487579657341364,54.0,0.11293103448275862,0.06818485260009766,0.001138925552368164,0.003268003463745117,0.051279306411743164,0.0,26,[92],exhausted,
FacultyHiringNetworks/History/History_FM_Full_,Faculty,R3_A4,712779aad638f619,1787631109.0735388,complete,145,1204,0.057662835249042144,1776.0,144,54.0,52,54.0,0.030405405405405407,92,0,0,0.0,0.030405405405405407,0.43914903980969067,54.0,0.11293103448275862,0.1033329963684082,0.001127481460571289,0.003276348114013672,0.08652162551879883,0.0,26,[92],exhausted,
Football_data_England_Premier_League/England_2009_2010,Football_coarse,R0_A4,712779aad638f619,1787631062.9480202,complete,20,215,0.5657894736842105,559.0,100,76.0,56,76.0,0.13595706618962433,44,0,0,0.0,0.13595706618962433,0.4290569441685285,76.0,0.031578947368421054,0.004829883575439453,0.0008594989776611328,0.0005347728729248047,8.845329284667969e-05,0.0,45,[44],exhausted,
Football_data_England_Premier_League/England_2009_2010,Football_coarse,R1_A4,712779aad638f619,1787631076.65636,complete,20,215,0.5657894736842105,559.0,100,76.0,56,76.0,0.13595706618962433,44,0,0,0.0,0.13595706618962433,0.38102604902185194,76.0,0.031578947368421054,0.009152412414550781,0.0008914470672607422,0.0005292892456054688,0.004371166229248047,0.0,45,[44],exhausted,
Football_data_England_Premier_League/England_2009_2010,Football_coarse,R2_A4,712779aad638f619,1787631091.6557934,complete,20,215,0.5657894736842105,559.0,100,76.0,56,76.0,0.13595706618962433,44,0,0,0.0,0.13595706618962433,0.36279419262650386,76.0,0.031578947368421054,0.012888193130493164,0.0008528232574462891,0.0005307197570800781,0.008127927780151367,0.0,45,[44],exhausted,
Football_data_England_Premier_League/England_2009_2010,Football_coarse,R3_A4,712779aad638f619,1787631108.7776258,complete,20,215,0.5657894736842105,559.0,100,76.0,56,76.0,0.13595706618962433,44,0,0,0.0,0.13595706618962433,0.3503733309351481,76.0,0.031578947368421054,0.02037954330444336,0.0008788108825683594,0.0005309581756591797,0.015603303909301758,0.0,45,[44],exhausted,
Football_data_England_Premier_League/England_2010_2011,Football_coarse,R0_A4,712779aad638f619,1787631062.9622996,complete,20,219,0.5763157894736842,485.0,125,114.0,74,114.0,0.23505154639175257,51,0,0,0.0,0.23505154639175257,0.5653113535932368,114.0,0.09473684210526316,0.005306720733642578,0.0012166500091552734,0.0005578994750976562,8.082389831542969e-05,0.0,65,[51],exhausted,
Football_data_England_Premier_League/England_2010_2011,Football_coarse,R1_A4,712779aad638f619,1787631076.6718771,complete,20,219,0.5763157894736842,485.0,125,114.0,74,114.0,0.23505154639175257,51,0,0,0.0,0.23505154639175257,0.5171500341470352,114.0,0.09473684210526316,0.009613990783691406,0.0011873245239257812,0.0005614757537841797,0.004405021667480469,0.0,65,[51],exhausted,
Football_data_England_Premier_League/England_2010_2011,Football_coarse,R2_A4,712779aad638f619,1787631091.6753151,complete,20,219,0.5763157894736842,485.0,125,114.0,74,114.0,0.23505154639175257,51,0,0,0.0,0.23505154639175257,0.48988376347761126,114.0,0.09473684210526316,0.013048887252807617,0.0011818408966064453,0.0005528926849365234,0.007791280746459961,0.0,65,[51],exhausted,
Football_data_England_Premier_League/England_2010_2011,Football_coarse,R3_A4,712779aad638f619,1787631108.8049679,complete,20,219,0.5763157894736842,485.0,125,114.0,74,114.0,0.23505154639175257,51,0,0,0.0,0.23505154639175257,0.46941308532589643,114.0,0.09473684210526316,0.019646644592285156,0.001196146011352539,0.0005586147308349609,0.014434337615966797,0.0,65,[51],exhausted,
Football_data_England_Premier_League/England_2011_2012,Football_coarse,R0_A4,712779aad638f619,1787631062.9734206,complete,20,226,0.5947368421052631,548.0,110,99.0,70,99.0,0.18065693430656934,40,0,0,0.0,0.18065693430656934,0.5105298240287788,99.0,0.06842105263157895,0.005280256271362305,0.0011715888977050781,0.0004947185516357422,8.58306884765625e-05,0.0,59,[40],exhausted,
Football_data_England_Premier_League/England_2011_2012,Football_coarse,R1_A4,712779aad638f619,1787631076.687752,complete,20,226,0.5947368421052631,548.0,110,99.0,70,99.0,0.18065693430656934,40,0,0,0.0,0.18065693430656934,0.45275280885571906,99.0,0.06842105263157895,0.009645700454711914,0.0011904239654541016,0.0005011558532714844,0.0043714046478271484,0.0,59,[40],exhausted,
Football_data_England_Premier_League/England_2011_2012,Football_coarse,R2_A4,712779aad638f619,1787631091.6949039,complete,20,226,0.5947368421052631,548.0,110,99.0,70,99.0,0.18065693430656934,40,0,0,0.0,0.18065693430656934,0.4493310731251582,99.0,0.06842105263157895,0.012678861618041992,0.0011944770812988281,0.0005054473876953125,0.00734710693359375,0.0,59,[40],exhausted,
Football_data_England_Premier_League/England_2011_2012,Football_coarse,R3_A4,712779aad638f619,1787631108.831278,complete,20,226,0.5947368421052631,548.0,110,99.0,70,99.0,0.18065693430656934,40,0,0,0.0,0.18065693430656934,0.4429555708396093,99.0,0.06842105263157895,0.018494606018066406,0.0011973381042480469,0.0005083084106445312,0.013252019882202148,0.0,59,[40],exhausted,
Football_data_England_Premier_League/finerEngland_2009_2010,Football_finer,R0_A4,712779aad638f619,1787631062.9844968,complete,20,380,1.0,1129.0,282,373.9999999999999,190,373.9999999999999,0.3312666076173604,92,0,0,0.0,0.3312666076173604,0.1950516871194314,373.9999999999999,0.08421052631578947,0.014003992080688477,0.004779338836669922,0.0008955001831054688,0.00010371208190917969,0.0,268,[92],exhausted,
Football_data_England_Premier_League/finerEngland_2009_2010,Football_finer,R1_A4,712779aad638f619,1787631076.7035372,complete,20,380,1.0,1129.0,282,373.9999999999999,190,373.9999999999999,0.3312666076173604,92,0,0,0.0,0.32860938883968105,0.16196787412483987,370.9999999999999,0.09473684210526316,0.01831197738647461,0.004767894744873047,0.0008835792541503906,0.0044231414794921875,0.0,268,[92],exhausted,
Football_data_England_Premier_League/finerEngland_2009_2010,Football_finer,R2_A4,712779aad638f619,1787631091.7140012,complete,20,380,1.0,1129.0,282,373.9999999999999,190,373.9999999999999,0.3312666076173604,92,0,0,0.0,0.32860938883968105,0.15260492030651915,370.9999999999999,0.09473684210526316,0.02129530906677246,0.004769802093505859,0.0008852481842041016,0.007333040237426758,0.0,268,[92],exhausted,
Football_data_England_Premier_League/finerEngland_2009_2010,Football_finer,R3_A4,712779aad638f619,1787631108.8563576,complete,20,380,1.0,1129.0,282,373.9999999999999,190,373.9999999999999,0.3312666076173604,92,0,0,0.0,0.32860938883968105,0.1492691462615446,370.9999999999999,0.09473684210526316,0.027082204818725586,0.0047605037689208984,0.0008907318115234375,0.013202190399169922,0.0,268,[92],exhausted,
Football_data_England_Premier_League/finerEngland_2010_2011,Football_finer,R0_A4,712779aad638f619,1787631063.0042481,complete,20,380,1.0,1139.0,298,457.9999999999999,190,457.9999999999999,0.40210711150131684,108,0,0,0.0,0.40210711150131684,0.26384379825734927,457.9999999999999,0.11578947368421053,0.015077590942382812,0.005296230316162109,0.0009663105010986328,0.00010371208190917969,0.0,281,[108],exhausted,
Football_data_England_Premier_League/finerEngland_2010_2011,Football_finer,R1_A4,712779aad638f619,1787631076.7278457,complete,20,380,1.0,1139.0,298,457.9999999999999,190,457.9999999999999,0.40210711150131684,108,0,0,0.0,0.3977172958735732,0.2161599546657754,452.9999999999999,0.12105263157894737,0.01942896842956543,0.005275726318359375,0.0009565353393554688,0.004419803619384766,0.0,281,[108],exhausted,
Football_data_England_Premier_League/finerEngland_2010_2011,Football_finer,R2_A4,712779aad638f619,1787631091.7415898,complete,20,380,1.0,1139.0,298,457.9999999999999,190,457.9999999999999,0.40210711150131684,108,0,0,0.0,0.395083406496927,0.192197512203558,449.9999999999999,0.12631578947368421,0.023078203201293945,0.0052661895751953125,0.0009605884552001953,0.008124113082885742,0.0,281,[108],exhausted,
Football_data_England_Premier_League/finerEngland_2010_2011,Football_finer,R3_A4,712779aad638f619,1787631108.8900867,complete,20,380,1.0,1139.0,298,457.9999999999999,190,457.9999999999999,0.40210711150131684,108,0,0,0.0,0.3942054433713783,0.1727895033880208,448.9999999999999,0.13157894736842105,0.030281782150268555,0.00529932975769043,0.0009534358978271484,0.01525425910949707,0.0,281,[108],exhausted,
Football_data_England_Premier_League/finerEngland_2011_2012,Football_finer,R0_A4,712779aad638f619,1787631063.0250773,complete,20,380,1.0,1142.0,292,414.9999999999999,190,414.9999999999999,0.36339754816112074,102,0,0,0.0,0.36339754816112074,0.2438721454676551,414.9999999999999,0.1,0.01504659652709961,0.005290031433105469,0.0009267330169677734,0.0001049041748046875,0.0,273,[102],exhausted,
Football_data_England_Premier_League/finerEngland_2011_2012,Football_finer,R1_A4,712779aad638f619,1787631076.7532966,complete,20,380,1.0,1142.0,292,414.9999999999999,190,414.9999999999999,0.36339754816112074,102,0,0,0.0,0.35726795096322234,0.20353892772326962,407.9999999999999,0.11578947368421053,0.019418001174926758,0.005294084548950195,0.0009324550628662109,0.0044367313385009766,0.0,273,[102],exhausted,
Football_data_England_Premier_League/finerEngland_2011_2012,Football_finer,R2_A4,712779aad638f619,1787631091.7709486,complete,20,380,1.0,1142.0,292,414.9999999999999,190,414.9999999999999,0.36339754816112074,102,0,0,0.0,0.35726795096322234,0.18626093724366505,407.9999999999999,0.11578947368421053,0.02293682098388672,0.005334138870239258,0.0009241104125976562,0.00788569450378418,0.0,273,[102],exhausted,
Football_data_England_Premier_League/finerEngland_2011_2012,Football_finer,R3_A4,712779aad638f619,1787631108.9269855,complete,20,380,1.0,1142.0,292,414.9999999999999,190,414.9999999999999,0.36339754816112074,102,0,0,0.0,0.35726795096322234,0.17404383628002396,407.9999999999999,0.11578947368421053,0.028973102569580078,0.005322456359863281,0.0009291172027587891,0.013970613479614258,0.0,273,[102],exhausted,
Halo2BetaData,Halo,R0_A4,712779aad638f619,1787631063.140891,complete,602,5010,0.013847352972067595,23953.0,1952,3302.0,1042,3302.0,0.13785329603807456,910,0,0,0.0,0.4305097460746765,0.5514235418490658,10312.0,0.43722256925058456,0.5262925624847412,0.08322882652282715,0.32500123977661133,0.0015506744384765625,0.0,690,[910],exhausted,
Halo2BetaData,Halo,R1_A4,712779aad638f619,1787631076.9779832,complete,602,5010,0.013847352972067595,23953.0,1952,3302.0,1042,3302.0,0.13785329603807456,910,0,0,0.0,0.4258756637573242,0.5483805495403417,10201.0,0.43718940193807665,0.6611216068267822,0.08336472511291504,0.3253514766693115,0.135911226272583,0.0,690,[910],exhausted,
Halo2BetaData,Halo,R2_A4,712779aad638f619,1787631092.0632267,complete,602,5010,0.013847352972067595,23953.0,1952,3302.0,1042,3302.0,0.13785329603807456,910,0,0,0.0,0.4254581928253174,0.5483769904046956,10191.0,0.4371838740526586,0.7395515441894531,0.0830221176147461,0.32550954818725586,0.21422910690307617,0.0,690,[910],exhausted,
Halo2BetaData,Halo,R3_A4,712779aad638f619,1787631109.330455,complete,602,5010,0.013847352972067595,23953.0,1952,3302.0,1042,3302.0,0.13785329603807456,910,0,0,0.0,0.4254581928253174,0.5484562399612705,10191.0,0.4371838740526586,0.8672471046447754,0.0832071304321289,0.3242475986480713,0.3432190418243408,0.0,690,[910],exhausted,
