dataset,family,config,is_finance,status,terminal_classification,n,m,density,density_regime,m_times_n,m_squared,runtime_total_sec,runtime_phaseA_sec,runtime_phaseB_sec,runtime_phaseC_sec,runtime_mincut_sec,break_reason
Basketball_temporal/1985,Basketball_coarse,A0,false,complete,SUCCESS,282,2904,0.03664723252820474,sparse_<0.05,818928.0,8433216.0,0.10869979858398438,0.08330774307250977,2.6226043701171875e-06,0.0009860992431640625,0.0,phase_b_disabled
Basketball_temporal/1985,Basketball_coarse,A2,false,complete,SUCCESS,282,2904,0.03664723252820474,sparse_<0.05,818928.0,8433216.0,0.23147010803222656,0.0825357437133789,0.040111541748046875,0.0011959075927734375,0.0,exhausted
Basketball_temporal/1985,Basketball_coarse,A4,false,complete,SUCCESS,282,2904,0.03664723252820474,sparse_<0.05,818928.0,8433216.0,0.3315310478210449,0.0835115909576416,0.041046142578125,0.0990300178527832,0.0,exhausted
Basketball_temporal/1985,Basketball_coarse,A6,false,complete,SUCCESS,282,2904,0.03664723252820474,sparse_<0.05,818928.0,8433216.0,2.3335020542144775,0.08555388450622559,0.04068470001220703,0.10224771499633789,1.989999532699585,exhausted
Basketball_temporal/1986,Basketball_coarse,A0,false,complete,SUCCESS,283,2937,0.03680174422975716,sparse_<0.05,831171.0,8625969.0,0.11801791191101074,0.09366869926452637,1.9073486328125e-06,0.001008749008178711,0.0,phase_b_disabled
Basketball_temporal/1986,Basketball_coarse,A2,false,complete,SUCCESS,283,2937,0.03680174422975716,sparse_<0.05,831171.0,8625969.0,0.2644016742706299,0.09611296653747559,0.04693007469177246,0.0011928081512451172,0.0,exhausted
Basketball_temporal/1986,Basketball_coarse,A4,false,complete,SUCCESS,283,2937,0.03680174422975716,sparse_<0.05,831171.0,8625969.0,0.3557884693145752,0.09386563301086426,0.04555964469909668,0.09823179244995117,0.0,exhausted
Basketball_temporal/1986,Basketball_coarse,A6,false,complete,SUCCESS,283,2937,0.03680174422975716,sparse_<0.05,831171.0,8625969.0,2.1442055702209473,0.09230232238769531,0.04461860656738281,0.09692978858947754,1.7923719882965088,exhausted
Basketball_temporal/1987,Basketball_coarse,A0,false,complete,SUCCESS,290,3045,0.03633217993079585,sparse_<0.05,883050.0,9272025.0,0.12113714218139648,0.0960540771484375,1.430511474609375e-06,0.0009970664978027344,0.0,phase_b_disabled
Basketball_temporal/1987,Basketball_coarse,A2,false,complete,SUCCESS,290,3045,0.03633217993079585,sparse_<0.05,883050.0,9272025.0,0.26578354835510254,0.09584379196166992,0.04768776893615723,0.0011773109436035156,0.0,exhausted
Basketball_temporal/1987,Basketball_coarse,A4,false,complete,SUCCESS,290,3045,0.03633217993079585,sparse_<0.05,883050.0,9272025.0,0.3726480007171631,0.09626603126525879,0.04762530326843262,0.10769915580749512,0.0,exhausted
Basketball_temporal/1987,Basketball_coarse,A6,false,complete,SUCCESS,290,3045,0.03633217993079585,sparse_<0.05,883050.0,9272025.0,2.2824349403381348,0.09460306167602539,0.04737401008605957,0.10552382469177246,1.9131865501403809,exhausted
Basketball_temporal/1988,Basketball_coarse,A0,false,complete,SUCCESS,290,3099,0.03697649445173607,sparse_<0.05,898710.0,9603801.0,0.11072015762329102,0.08497905731201172,2.1457672119140625e-06,0.0010194778442382812,0.0,phase_b_disabled
Basketball_temporal/1988,Basketball_coarse,A2,false,complete,SUCCESS,290,3099,0.03697649445173607,sparse_<0.05,898710.0,9603801.0,0.24891376495361328,0.08431363105773926,0.05185890197753906,0.0012271404266357422,0.0,exhausted
Basketball_temporal/1988,Basketball_coarse,A4,false,complete,SUCCESS,290,3099,0.03697649445173607,sparse_<0.05,898710.0,9603801.0,0.34849095344543457,0.08458662033081055,0.050867557525634766,0.1007380485534668,0.0,exhausted
Basketball_temporal/1988,Basketball_coarse,A6,false,complete,SUCCESS,290,3099,0.03697649445173607,sparse_<0.05,898710.0,9603801.0,3.7128701210021973,0.08787989616394043,0.05323982238769531,0.10542511940002441,3.356355905532837,exhausted
Basketball_temporal/1989,Basketball_coarse,A0,false,complete,SUCCESS,293,3162,0.03695824956753471,sparse_<0.05,926466.0,9998244.0,0.13522005081176758,0.10973548889160156,1.6689300537109375e-06,0.0010552406311035156,0.0,phase_b_disabled
Basketball_temporal/1989,Basketball_coarse,A2,false,complete,SUCCESS,293,3162,0.03695824956753471,sparse_<0.05,926466.0,9998244.0,0.28970861434936523,0.10837626457214355,0.046152353286743164,0.0012137889862060547,0.0,exhausted
Basketball_temporal/1989,Basketball_coarse,A4,false,complete,SUCCESS,293,3162,0.03695824956753471,sparse_<0.05,926466.0,9998244.0,0.39830756187438965,0.10908842086791992,0.046480417251586914,0.10864543914794922,0.0,exhausted
Basketball_temporal/1989,Basketball_coarse,A6,false,complete,SUCCESS,293,3162,0.03695824956753471,sparse_<0.05,926466.0,9998244.0,2.772783041000366,0.10802221298217773,0.04560661315917969,0.10869526863098145,2.374894380569458,exhausted
Basketball_temporal/1990,Basketball_coarse,A0,false,complete,SUCCESS,292,3192,0.03756531563338512,sparse_<0.05,932064.0,10188864.0,0.14165735244750977,0.11546993255615234,1.9073486328125e-06,0.0010514259338378906,0.0,phase_b_disabled
Basketball_temporal/1990,Basketball_coarse,A2,false,complete,SUCCESS,292,3192,0.03756531563338512,sparse_<0.05,932064.0,10188864.0,0.3093597888946533,0.11432027816772461,0.05319929122924805,0.0012445449829101562,0.0,exhausted
Basketball_temporal/1990,Basketball_coarse,A4,false,complete,SUCCESS,292,3192,0.03756531563338512,sparse_<0.05,932064.0,10188864.0,0.4185512065887451,0.11569070816040039,0.05333113670349121,0.108734130859375,0.0,exhausted
Basketball_temporal/1990,Basketball_coarse,A6,false,complete,SUCCESS,292,3192,0.03756531563338512,sparse_<0.05,932064.0,10188864.0,3.3922221660614014,0.1132516860961914,0.05306363105773926,0.10768985748291016,2.976595401763916,exhausted
Basketball_temporal/1991,Basketball_coarse,A0,false,complete,SUCCESS,295,3218,0.03710365502133057,sparse_<0.05,949310.0,10355524.0,0.16016507148742676,0.13409042358398438,1.9073486328125e-06,0.0010662078857421875,0.0,phase_b_disabled
Basketball_temporal/1991,Basketball_coarse,A2,false,complete,SUCCESS,295,3218,0.03710365502133057,sparse_<0.05,949310.0,10355524.0,0.34908556938171387,0.13597440719604492,0.048023223876953125,0.0013380050659179688,0.0,exhausted
Basketball_temporal/1991,Basketball_coarse,A4,false,complete,SUCCESS,295,3218,0.03710365502133057,sparse_<0.05,949310.0,10355524.0,0.45845675468444824,0.13638067245483398,0.04807758331298828,0.11228227615356445,0.0,exhausted
Basketball_temporal/1991,Basketball_coarse,A6,false,complete,SUCCESS,295,3218,0.03710365502133057,sparse_<0.05,949310.0,10355524.0,2.5274150371551514,0.13186025619506836,0.0473637580871582,0.11022591590881348,2.0780298709869385,exhausted
Basketball_temporal/1992,Basketball_coarse,A0,false,complete,SUCCESS,298,3238,0.036585090276365445,sparse_<0.05,964924.0,10484644.0,0.1614091396331787,0.13425898551940918,2.1457672119140625e-06,0.0010716915130615234,0.0,phase_b_disabled
Basketball_temporal/1992,Basketball_coarse,A2,false,complete,SUCCESS,298,3238,0.036585090276365445,sparse_<0.05,964924.0,10484644.0,0.34793949127197266,0.13502717018127441,0.05133366584777832,0.0012600421905517578,0.0,exhausted
Basketball_temporal/1992,Basketball_coarse,A4,false,complete,SUCCESS,298,3238,0.036585090276365445,sparse_<0.05,964924.0,10484644.0,0.4622340202331543,0.14006590843200684,0.05130505561828613,0.10981369018554688,0.0,exhausted
Basketball_temporal/1992,Basketball_coarse,A6,false,complete,SUCCESS,298,3238,0.036585090276365445,sparse_<0.05,964924.0,10484644.0,3.0133461952209473,0.13327383995056152,0.051006317138671875,0.10819196701049805,2.5587668418884277,exhausted
Basketball_temporal/1993,Basketball_coarse,A0,false,complete,SUCCESS,298,3088,0.03489028992384697,sparse_<0.05,920224.0,9535744.0,0.1264479160308838,0.10081124305725098,1.6689300537109375e-06,0.0010290145874023438,0.0,phase_b_disabled
Basketball_temporal/1993,Basketball_coarse,A2,false,complete,SUCCESS,298,3088,0.03489028992384697,sparse_<0.05,920224.0,9535744.0,0.2861497402191162,0.10375666618347168,0.05182313919067383,0.0012094974517822266,0.0,exhausted
Basketball_temporal/1993,Basketball_coarse,A4,false,complete,SUCCESS,298,3088,0.03489028992384697,sparse_<0.05,920224.0,9535744.0,0.3958570957183838,0.1047971248626709,0.05312609672546387,0.10853338241577148,0.0,exhausted
Basketball_temporal/1993,Basketball_coarse,A6,false,complete,SUCCESS,298,3088,0.03489028992384697,sparse_<0.05,920224.0,9535744.0,3.0547683238983154,0.10006856918334961,0.05150246620178223,0.10628342628479004,2.669080972671509,exhausted
Basketball_temporal/1994,Basketball_coarse,A0,false,complete,SUCCESS,301,3144,0.03481727574750831,sparse_<0.05,946344.0,9884736.0,0.1286015510559082,0.10185527801513672,1.6689300537109375e-06,0.0010986328125,0.0,phase_b_disabled
Basketball_temporal/1994,Basketball_coarse,A2,false,complete,SUCCESS,301,3144,0.03481727574750831,sparse_<0.05,946344.0,9884736.0,0.28629469871520996,0.10355305671691895,0.05325484275817871,0.0012423992156982422,0.0,exhausted
Basketball_temporal/1994,Basketball_coarse,A4,false,complete,SUCCESS,301,3144,0.03481727574750831,sparse_<0.05,946344.0,9884736.0,0.40102529525756836,0.1035001277923584,0.05320596694946289,0.11465835571289062,0.0,exhausted
Basketball_temporal/1994,Basketball_coarse,A6,false,complete,SUCCESS,301,3144,0.03481727574750831,sparse_<0.05,946344.0,9884736.0,2.758159637451172,0.10069680213928223,0.05200529098510742,0.11203455924987793,2.364725351333618,exhausted
Basketball_temporal/1995,Basketball_coarse,A0,false,complete,SUCCESS,302,3182,0.03500473036896878,sparse_<0.05,960964.0,10125124.0,0.13817214965820312,0.11198067665100098,2.384185791015625e-06,0.00104522705078125,0.0,phase_b_disabled
Basketball_temporal/1995,Basketball_coarse,A2,false,complete,SUCCESS,302,3182,0.03500473036896878,sparse_<0.05,960964.0,10125124.0,0.3031046390533447,0.11182975769042969,0.052152395248413086,0.0012421607971191406,0.0,exhausted
Basketball_temporal/1995,Basketball_coarse,A4,false,complete,SUCCESS,302,3182,0.03500473036896878,sparse_<0.05,960964.0,10125124.0,0.4095480442047119,0.11157464981079102,0.05199575424194336,0.1069328784942627,0.0,exhausted
Basketball_temporal/1995,Basketball_coarse,A6,false,complete,SUCCESS,302,3182,0.03500473036896878,sparse_<0.05,960964.0,10125124.0,2.9083709716796875,0.1111762523651123,0.05198407173156738,0.23844408988952637,2.367309331893921,exhausted
Basketball_temporal/1996,Basketball_coarse,A0,false,complete,SUCCESS,305,3256,0.03511647972389991,sparse_<0.05,993080.0,10601536.0,0.13692855834960938,0.11014318466186523,1.9073486328125e-06,0.0010671615600585938,0.0,phase_b_disabled
Basketball_temporal/1996,Basketball_coarse,A2,false,complete,SUCCESS,305,3256,0.03511647972389991,sparse_<0.05,993080.0,10601536.0,0.3039257526397705,0.11030006408691406,0.05557107925415039,0.0012805461883544922,0.0,exhausted
Basketball_temporal/1996,Basketball_coarse,A4,false,complete,SUCCESS,305,3256,0.03511647972389991,sparse_<0.05,993080.0,10601536.0,0.4154398441314697,0.1111900806427002,0.05550980567932129,0.11111974716186523,0.0,exhausted
Basketball_temporal/1996,Basketball_coarse,A6,false,complete,SUCCESS,305,3256,0.03511647972389991,sparse_<0.05,993080.0,10601536.0,3.1968910694122314,0.10981917381286621,0.05536460876464844,0.1096048355102539,2.783759832382202,exhausted
Basketball_temporal/1997,Basketball_coarse,A0,false,complete,SUCCESS,305,3333,0.035946937014667814,sparse_<0.05,1016565.0,11108889.0,0.1657121181488037,0.1387956142425537,1.6689300537109375e-06,0.001111745834350586,0.0,phase_b_disabled
Basketball_temporal/1997,Basketball_coarse,A2,false,complete,SUCCESS,305,3333,0.035946937014667814,sparse_<0.05,1016565.0,11108889.0,0.3663942813873291,0.13890576362609863,0.05766034126281738,0.0013613700866699219,0.0,exhausted
Basketball_temporal/1997,Basketball_coarse,A4,false,complete,SUCCESS,305,3333,0.035946937014667814,sparse_<0.05,1016565.0,11108889.0,0.482025146484375,0.13983726501464844,0.05856180191040039,0.11539173126220703,0.0,exhausted
Basketball_temporal/1997,Basketball_coarse,A6,false,complete,SUCCESS,305,3333,0.035946937014667814,sparse_<0.05,1016565.0,11108889.0,2.6773314476013184,0.13822340965270996,0.05726170539855957,0.1122586727142334,2.2030887603759766,exhausted
Basketball_temporal/1998,Basketball_coarse,A0,false,complete,SUCCESS,306,3321,0.035583413693346194,sparse_<0.05,1016226.0,11029041.0,0.14350605010986328,0.11602902412414551,1.9073486328125e-06,0.001110076904296875,0.0,phase_b_disabled
Basketball_temporal/1998,Basketball_coarse,A2,false,complete,SUCCESS,306,3321,0.035583413693346194,sparse_<0.05,1016226.0,11029041.0,0.3155393600463867,0.11683058738708496,0.05517983436584473,0.0012927055358886719,0.0,exhausted
Basketball_temporal/1998,Basketball_coarse,A4,false,complete,SUCCESS,306,3321,0.035583413693346194,sparse_<0.05,1016226.0,11029041.0,0.4201779365539551,0.11514735221862793,0.05466318130493164,0.10738277435302734,0.0,exhausted
Basketball_temporal/1998,Basketball_coarse,A6,false,complete,SUCCESS,306,3321,0.035583413693346194,sparse_<0.05,1016226.0,11029041.0,4.952137470245361,0.11429786682128906,0.054280757904052734,0.1058812141418457,4.533466815948486,exhausted
Basketball_temporal/1999,Basketball_coarse,A0,false,complete,SUCCESS,310,3385,0.03533771792462679,sparse_<0.05,1049350.0,11458225.0,0.14032602310180664,0.11287236213684082,1.9073486328125e-06,0.0010941028594970703,0.0,phase_b_disabled
Basketball_temporal/1999,Basketball_coarse,A2,false,complete,SUCCESS,310,3385,0.03533771792462679,sparse_<0.05,1049350.0,11458225.0,0.316089391708374,0.11249041557312012,0.061411380767822266,0.0013248920440673828,0.0,exhausted
Basketball_temporal/1999,Basketball_coarse,A4,false,complete,SUCCESS,310,3385,0.03533771792462679,sparse_<0.05,1049350.0,11458225.0,0.42891526222229004,0.11357522010803223,0.0617365837097168,0.11292362213134766,0.0,exhausted
Basketball_temporal/1999,Basketball_coarse,A6,false,complete,SUCCESS,310,3385,0.03533771792462679,sparse_<0.05,1049350.0,11458225.0,2.828864812850952,0.1120297908782959,0.06127738952636719,0.11110305786132812,2.3994288444519043,exhausted
Basketball_temporal/2000,Basketball_coarse,A0,false,complete,SUCCESS,318,3475,0.03447215443525187,sparse_<0.05,1105050.0,12075625.0,0.15813088417053223,0.13036155700683594,1.9073486328125e-06,0.0011837482452392578,0.0,phase_b_disabled
Basketball_temporal/2000,Basketball_coarse,A2,false,complete,SUCCESS,318,3475,0.03447215443525187,sparse_<0.05,1105050.0,12075625.0,0.390744686126709,0.13935399055480957,0.07037973403930664,0.002862691879272461,0.0,exhausted
Basketball_temporal/2000,Basketball_coarse,A4,false,complete,SUCCESS,318,3475,0.03447215443525187,sparse_<0.05,1105050.0,12075625.0,0.4833829402923584,0.13577985763549805,0.06257152557373047,0.11835289001464844,0.0,exhausted
Basketball_temporal/2000,Basketball_coarse,A6,false,complete,SUCCESS,318,3475,0.03447215443525187,sparse_<0.05,1105050.0,12075625.0,6.186859369277954,0.13025259971618652,0.060278892517089844,0.11444759368896484,5.7223052978515625,exhausted
Basketball_temporal/2001,Basketball_coarse,A0,false,complete,SUCCESS,318,3405,0.033777751324325936,sparse_<0.05,1082790.0,11594025.0,0.15309739112854004,0.12500309944152832,1.9073486328125e-06,0.0011539459228515625,0.0,phase_b_disabled
Basketball_temporal/2001,Basketball_coarse,A2,false,complete,SUCCESS,318,3405,0.033777751324325936,sparse_<0.05,1082790.0,11594025.0,0.34054994583129883,0.12471389770507812,0.06093764305114746,0.0013675689697265625,0.0,exhausted
Basketball_temporal/2001,Basketball_coarse,A4,false,complete,SUCCESS,318,3405,0.033777751324325936,sparse_<0.05,1082790.0,11594025.0,0.45178699493408203,0.12504124641418457,0.06107282638549805,0.11253571510314941,0.0,exhausted
Basketball_temporal/2001,Basketball_coarse,A6,false,complete,SUCCESS,318,3405,0.033777751324325936,sparse_<0.05,1082790.0,11594025.0,2.7109155654907227,0.12736248970031738,0.06215977668762207,0.1129765510559082,2.253959894180298,exhausted
Basketball_temporal/2002,Basketball_coarse,A0,false,complete,SUCCESS,321,3505,0.034121884735202494,sparse_<0.05,1125105.0,12285025.0,0.1443190574645996,0.11576652526855469,1.6689300537109375e-06,0.0011899471282958984,0.0,phase_b_disabled
Basketball_temporal/2002,Basketball_coarse,A2,false,complete,SUCCESS,321,3505,0.034121884735202494,sparse_<0.05,1125105.0,12285025.0,0.32946228981018066,0.11582016944885254,0.06764459609985352,0.0014040470123291016,0.0,exhausted
Basketball_temporal/2002,Basketball_coarse,A4,false,complete,SUCCESS,321,3505,0.034121884735202494,sparse_<0.05,1125105.0,12285025.0,0.44599270820617676,0.11603808403015137,0.06742596626281738,0.11771273612976074,0.0,exhausted
Basketball_temporal/2002,Basketball_coarse,A6,false,complete,SUCCESS,321,3505,0.034121884735202494,sparse_<0.05,1125105.0,12285025.0,3.721022844314575,0.1149909496307373,0.06719708442687988,0.11718440055847168,3.2753794193267822,exhausted
Basketball_temporal/2003,Basketball_coarse,A0,false,complete,SUCCESS,327,3560,0.03339524586780736,sparse_<0.05,1164120.0,12673600.0,0.14913249015808105,0.12074971199035645,2.1457672119140625e-06,0.0011959075927734375,0.0,phase_b_disabled
Basketball_temporal/2003,Basketball_coarse,A2,false,complete,SUCCESS,327,3560,0.03339524586780736,sparse_<0.05,1164120.0,12673600.0,0.3624603748321533,0.1274726390838623,0.08078813552856445,0.0014789104461669922,0.0,exhausted
Basketball_temporal/2003,Basketball_coarse,A4,false,complete,SUCCESS,327,3560,0.03339524586780736,sparse_<0.05,1164120.0,12673600.0,0.5551548004150391,0.16498303413391113,0.07934784889221191,0.1259751319885254,0.0,exhausted
Basketball_temporal/2003,Basketball_coarse,A6,false,complete,SUCCESS,327,3560,0.03339524586780736,sparse_<0.05,1164120.0,12673600.0,3.002959966659546,0.11919736862182617,0.07744455337524414,0.12008380889892578,2.5366408824920654,exhausted
Basketball_temporal/2004,Basketball_coarse,A0,false,complete,SUCCESS,326,3527,0.03328928739971685,sparse_<0.05,1149802.0,12439729.0,0.14661765098571777,0.117919921875,1.9073486328125e-06,0.0011944770812988281,0.0,phase_b_disabled
Basketball_temporal/2004,Basketball_coarse,A2,false,complete,SUCCESS,326,3527,0.03328928739971685,sparse_<0.05,1149802.0,12439729.0,0.33118486404418945,0.11719489097595215,0.06688404083251953,0.001409769058227539,0.0,exhausted
Basketball_temporal/2004,Basketball_coarse,A4,false,complete,SUCCESS,326,3527,0.03328928739971685,sparse_<0.05,1149802.0,12439729.0,0.47967028617858887,0.1170656681060791,0.06719756126403809,0.11559629440307617,0.0,exhausted
Basketball_temporal/2004,Basketball_coarse,A6,false,complete,SUCCESS,326,3527,0.03328928739971685,sparse_<0.05,1149802.0,12439729.0,3.2906179428100586,0.11661076545715332,0.0666799545288086,0.11322617530822754,2.84686279296875,exhausted
Basketball_temporal/2005,Basketball_coarse,A0,false,complete,SUCCESS,330,3622,0.03336096527585889,sparse_<0.05,1195260.0,13118884.0,0.17820358276367188,0.14968514442443848,1.6689300537109375e-06,0.0012466907501220703,0.0,phase_b_disabled
Basketball_temporal/2005,Basketball_coarse,A2,false,complete,SUCCESS,330,3622,0.03336096527585889,sparse_<0.05,1195260.0,13118884.0,0.4012598991394043,0.14886236190795898,0.07344412803649902,0.0014388561248779297,0.0,exhausted
Basketball_temporal/2005,Basketball_coarse,A4,false,complete,SUCCESS,330,3622,0.03336096527585889,sparse_<0.05,1195260.0,13118884.0,0.5709841251373291,0.1618802547454834,0.07640910148620605,0.14992856979370117,0.0,exhausted
Basketball_temporal/2005,Basketball_coarse,A6,false,complete,SUCCESS,330,3622,0.03336096527585889,sparse_<0.05,1195260.0,13118884.0,3.4541749954223633,0.14888739585876465,0.07406425476074219,0.11694717407226562,2.933408737182617,exhausted
Basketball_temporal/2006,Basketball_coarse,A0,false,complete,SUCCESS,334,3695,0.03322184459909011,sparse_<0.05,1234130.0,13653025.0,0.17493844032287598,0.1459054946899414,2.1457672119140625e-06,0.0012540817260742188,0.0,phase_b_disabled
Basketball_temporal/2006,Basketball_coarse,A2,false,complete,SUCCESS,334,3695,0.03322184459909011,sparse_<0.05,1234130.0,13653025.0,0.41161084175109863,0.14830374717712402,0.08330988883972168,0.0015304088592529297,0.0,exhausted
Basketball_temporal/2006,Basketball_coarse,A4,false,complete,SUCCESS,334,3695,0.03322184459909011,sparse_<0.05,1234130.0,13653025.0,0.5363562107086182,0.1495041847229004,0.0837869644165039,0.1245267391204834,0.0,exhausted
Basketball_temporal/2006,Basketball_coarse,A6,false,complete,SUCCESS,334,3695,0.03322184459909011,sparse_<0.05,1234130.0,13653025.0,3.048842668533325,0.14372014999389648,0.081268310546875,0.12006378173828125,2.527432441711426,exhausted
Basketball_temporal/2007,Basketball_coarse,A0,false,complete,SUCCESS,336,3974,0.035305614783226726,sparse_<0.05,1335264.0,15792676.0,0.19622063636779785,0.16547012329101562,4.0531158447265625e-06,0.0013427734375,0.0,phase_b_disabled
Basketball_temporal/2007,Basketball_coarse,A2,false,complete,SUCCESS,336,3974,0.035305614783226726,sparse_<0.05,1335264.0,15792676.0,0.4539504051208496,0.1683056354522705,0.0888981819152832,0.0015749931335449219,0.0,exhausted
Basketball_temporal/2007,Basketball_coarse,A4,false,complete,SUCCESS,336,3974,0.035305614783226726,sparse_<0.05,1335264.0,15792676.0,0.5904037952423096,0.16873955726623535,0.09016299247741699,0.12548017501831055,0.0,exhausted
Basketball_temporal/2007,Basketball_coarse,A6,false,complete,SUCCESS,336,3974,0.035305614783226726,sparse_<0.05,1335264.0,15792676.0,3.5101847648620605,0.16301488876342773,0.08868169784545898,0.12186837196350098,2.9387190341949463,exhausted
Basketball_temporal/2008,Basketball_coarse,A0,false,complete,SUCCESS,342,4051,0.03473615612834628,sparse_<0.05,1385442.0,16410601.0,0.17309808731079102,0.1412057876586914,1.9073486328125e-06,0.0013527870178222656,0.0,phase_b_disabled
Basketball_temporal/2008,Basketball_coarse,A2,false,complete,SUCCESS,342,4051,0.03473615612834628,sparse_<0.05,1385442.0,16410601.0,0.4140172004699707,0.14201903343200684,0.09760618209838867,0.0016252994537353516,0.0,exhausted
Basketball_temporal/2008,Basketball_coarse,A4,false,complete,SUCCESS,342,4051,0.03473615612834628,sparse_<0.05,1385442.0,16410601.0,0.6342606544494629,0.16919422149658203,0.1098334789276123,0.1344282627105713,0.0,exhausted
Basketball_temporal/2008,Basketball_coarse,A6,false,complete,SUCCESS,342,4051,0.03473615612834628,sparse_<0.05,1385442.0,16410601.0,4.989521265029907,0.14460229873657227,0.09683036804199219,0.12500929832458496,4.4483091831207275,exhausted
Basketball_temporal/2009,Basketball_coarse,A0,false,complete,SUCCESS,347,4155,0.034607119654844996,sparse_<0.05,1441785.0,17264025.0,0.22005796432495117,0.1870739459991455,1.9073486328125e-06,0.0014102458953857422,0.0,phase_b_disabled
Basketball_temporal/2009,Basketball_coarse,A2,false,complete,SUCCESS,347,4155,0.034607119654844996,sparse_<0.05,1441785.0,17264025.0,0.5037810802459717,0.19103360176086426,0.08876323699951172,0.0016973018646240234,0.0,exhausted
Basketball_temporal/2009,Basketball_coarse,A4,false,complete,SUCCESS,347,4155,0.034607119654844996,sparse_<0.05,1441785.0,17264025.0,0.6444449424743652,0.19485950469970703,0.09119868278503418,0.13074183464050293,0.0,exhausted
Basketball_temporal/2009,Basketball_coarse,A6,false,complete,SUCCESS,347,4155,0.034607119654844996,sparse_<0.05,1441785.0,17264025.0,4.141282558441162,0.18581867218017578,0.08723759651184082,0.1239933967590332,3.523216485977173,exhausted
Basketball_temporal/2010,Basketball_coarse,A0,false,complete,SUCCESS,347,4133,0.03442388099481934,sparse_<0.05,1434151.0,17081689.0,0.18632864952087402,0.15245914459228516,1.9073486328125e-06,0.0014407634735107422,0.0,phase_b_disabled
Basketball_temporal/2010,Basketball_coarse,A2,false,complete,SUCCESS,347,4133,0.03442388099481934,sparse_<0.05,1434151.0,17081689.0,0.428957462310791,0.1517653465270996,0.0917060375213623,0.0016655921936035156,0.0,exhausted
Basketball_temporal/2010,Basketball_coarse,A4,false,complete,SUCCESS,347,4133,0.03442388099481934,sparse_<0.05,1434151.0,17081689.0,0.6764535903930664,0.1563863754272461,0.09465837478637695,0.23401975631713867,0.0,exhausted
Basketball_temporal/2010,Basketball_coarse,A6,false,complete,SUCCESS,347,4133,0.03442388099481934,sparse_<0.05,1434151.0,17081689.0,4.463343143463135,0.15029621124267578,0.09093403816223145,0.1223897933959961,3.9135308265686035,exhausted
Basketball_temporal/2011,Basketball_coarse,A0,false,complete,SUCCESS,345,4086,0.034428715874620826,sparse_<0.05,1409670.0,16695396.0,0.18644213676452637,0.15308260917663574,1.6689300537109375e-06,0.0014183521270751953,0.0,phase_b_disabled
Basketball_temporal/2011,Basketball_coarse,A2,false,complete,SUCCESS,345,4086,0.034428715874620826,sparse_<0.05,1409670.0,16695396.0,0.43306994438171387,0.15209317207336426,0.09547281265258789,0.00164031982421875,0.0,exhausted
Basketball_temporal/2011,Basketball_coarse,A4,false,complete,SUCCESS,345,4086,0.034428715874620826,sparse_<0.05,1409670.0,16695396.0,0.5686798095703125,0.15837693214416504,0.09583830833435059,0.12636733055114746,0.0,exhausted
Basketball_temporal/2011,Basketball_coarse,A6,false,complete,SUCCESS,345,4086,0.034428715874620826,sparse_<0.05,1409670.0,16695396.0,4.892117023468018,0.15080642700195312,0.09391093254089355,0.12333202362060547,4.338396310806274,exhausted
Basketball_temporal/2012,Basketball_coarse,A0,false,complete,SUCCESS,345,4126,0.034765756656555444,sparse_<0.05,1423470.0,17023876.0,0.18720602989196777,0.15453100204467773,2.1457672119140625e-06,0.0014312267303466797,0.0,phase_b_disabled
Basketball_temporal/2012,Basketball_coarse,A2,false,complete,SUCCESS,345,4126,0.034765756656555444,sparse_<0.05,1423470.0,17023876.0,0.4325292110443115,0.15175366401672363,0.09403276443481445,0.0016622543334960938,0.0,exhausted
Basketball_temporal/2012,Basketball_coarse,A4,false,complete,SUCCESS,345,4126,0.034765756656555444,sparse_<0.05,1423470.0,17023876.0,0.5631849765777588,0.15479445457458496,0.0937042236328125,0.1255042552947998,0.0,exhausted
Basketball_temporal/2012,Basketball_coarse,A6,false,complete,SUCCESS,345,4126,0.034765756656555444,sparse_<0.05,1423470.0,17023876.0,5.423465251922607,0.15054059028625488,0.09255814552307129,0.12181830406188965,4.873133659362793,exhausted
Basketball_temporal/2013,Basketball_coarse,A0,false,complete,SUCCESS,347,4153,0.034590461594842664,sparse_<0.05,1441091.0,17247409.0,0.18978190422058105,0.15684819221496582,1.430511474609375e-06,0.0013828277587890625,0.0,phase_b_disabled
Basketball_temporal/2013,Basketball_coarse,A2,false,complete,SUCCESS,347,4153,0.034590461594842664,sparse_<0.05,1441091.0,17247409.0,0.44792962074279785,0.15469145774841309,0.09952020645141602,0.0016510486602783203,0.0,exhausted
Basketball_temporal/2013,Basketball_coarse,A4,false,complete,SUCCESS,347,4153,0.034590461594842664,sparse_<0.05,1441091.0,17247409.0,0.5802896022796631,0.15509939193725586,0.09982514381408691,0.13349151611328125,0.0,exhausted
Basketball_temporal/2013,Basketball_coarse,A6,false,complete,SUCCESS,347,4153,0.034590461594842664,sparse_<0.05,1441091.0,17247409.0,4.9516754150390625,0.1536555290222168,0.0986478328704834,0.13645315170288086,4.373944044113159,exhausted
Basketball_temporal/2014,Basketball_coarse,A0,false,complete,SUCCESS,351,4196,0.03415547415547415,sparse_<0.05,1472796.0,17606416.0,0.20436620712280273,0.17125749588012695,2.1457672119140625e-06,0.0014011859893798828,0.0,phase_b_disabled
Basketball_temporal/2014,Basketball_coarse,A2,false,complete,SUCCESS,351,4196,0.03415547415547415,sparse_<0.05,1472796.0,17606416.0,0.495272159576416,0.1786665916442871,0.10760807991027832,0.001775979995727539,0.0,exhausted
Basketball_temporal/2014,Basketball_coarse,A4,false,complete,SUCCESS,351,4196,0.03415547415547415,sparse_<0.05,1472796.0,17606416.0,0.6306684017181396,0.17804479598999023,0.1096491813659668,0.13341283798217773,0.0,exhausted
Basketball_temporal/2014,Basketball_coarse,A6,false,complete,SUCCESS,351,4196,0.03415547415547415,sparse_<0.05,1472796.0,17606416.0,4.071272611618042,0.17010903358459473,0.10543966293334961,0.12967205047607422,3.4602272510528564,exhausted
Basketball_temporal/finer1985,Basketball_finer,A0,false,complete,SUCCESS,282,4814,0.06075061204916585,medium_0.05_0.2,1357548.0,23174596.0,0.2080845832824707,0.1632366180419922,1.9073486328125e-06,0.0003612041473388672,0.0,phase_b_disabled
Basketball_temporal/finer1985,Basketball_finer,A2,false,complete,SUCCESS,282,4814,0.06075061204916585,medium_0.05_0.2,1357548.0,23174596.0,0.48259425163269043,0.1661818027496338,0.11295485496520996,0.001232147216796875,0.0,exhausted
Basketball_temporal/finer1985,Basketball_finer,A4,false,complete,SUCCESS,282,4814,0.06075061204916585,medium_0.05_0.2,1357548.0,23174596.0,0.6062853336334229,0.16460466384887695,0.11092519760131836,0.12631654739379883,0.0,exhausted
Basketball_temporal/finer1985,Basketball_finer,A6,false,complete,SUCCESS,282,4814,0.06075061204916585,medium_0.05_0.2,1357548.0,23174596.0,6.719052076339722,0.15998125076293945,0.10883116722106934,0.12043404579162598,6.129421710968018,exhausted
Basketball_temporal/finer1986,Basketball_finer,A0,false,complete,SUCCESS,283,4862,0.060922737638774024,medium_0.05_0.2,1375946.0,23639044.0,0.20429515838623047,0.1668989658355713,1.430511474609375e-06,0.00037932395935058594,0.0,phase_b_disabled
Basketball_temporal/finer1986,Basketball_finer,A2,false,complete,SUCCESS,283,4862,0.060922737638774024,medium_0.05_0.2,1375946.0,23639044.0,0.4725189208984375,0.1670970916748047,0.09978723526000977,0.0012247562408447266,0.0,exhausted
Basketball_temporal/finer1986,Basketball_finer,A4,false,complete,SUCCESS,283,4862,0.060922737638774024,medium_0.05_0.2,1375946.0,23639044.0,0.5953209400177002,0.17026281356811523,0.10022449493408203,0.12068009376525879,0.0,exhausted
Basketball_temporal/finer1986,Basketball_finer,A6,false,complete,SUCCESS,283,4862,0.060922737638774024,medium_0.05_0.2,1375946.0,23639044.0,6.986052513122559,0.16489863395690918,0.09820151329040527,0.11804699897766113,6.401533126831055,exhausted
Basketball_temporal/finer1987,Basketball_finer,A0,false,complete,SUCCESS,290,5088,0.060708745973034245,medium_0.05_0.2,1475520.0,25887744.0,0.21410036087036133,0.1751706600189209,2.1457672119140625e-06,0.00037980079650878906,0.0,phase_b_disabled
Basketball_temporal/finer1987,Basketball_finer,A2,false,complete,SUCCESS,290,5088,0.060708745973034245,medium_0.05_0.2,1475520.0,25887744.0,0.5072576999664307,0.17149829864501953,0.12229299545288086,0.0013532638549804688,0.0,exhausted
Basketball_temporal/finer1987,Basketball_finer,A4,false,complete,SUCCESS,290,5088,0.060708745973034245,medium_0.05_0.2,1475520.0,25887744.0,0.6393730640411377,0.173095703125,0.1238260269165039,0.1288926601409912,0.0,exhausted
Basketball_temporal/finer1987,Basketball_finer,A6,false,complete,SUCCESS,290,5088,0.060708745973034245,medium_0.05_0.2,1475520.0,25887744.0,7.610612869262695,0.17052197456359863,0.12075400352478027,0.12666749954223633,6.9787023067474365,exhausted
Basketball_temporal/finer1988,Basketball_finer,A0,false,complete,SUCCESS,290,5170,0.06168714950483236,medium_0.05_0.2,1499300.0,26728900.0,0.2114722728729248,0.17156410217285156,1.9073486328125e-06,0.000392913818359375,0.0,phase_b_disabled
Basketball_temporal/finer1988,Basketball_finer,A2,false,complete,SUCCESS,290,5170,0.06168714950483236,medium_0.05_0.2,1499300.0,26728900.0,0.5182962417602539,0.17572498321533203,0.12597036361694336,0.0013613700866699219,0.0,exhausted
Basketball_temporal/finer1988,Basketball_finer,A4,false,complete,SUCCESS,290,5170,0.06168714950483236,medium_0.05_0.2,1499300.0,26728900.0,0.6525883674621582,0.17707085609436035,0.12832999229431152,0.12990880012512207,0.0,exhausted
Basketball_temporal/finer1988,Basketball_finer,A6,false,complete,SUCCESS,290,5170,0.06168714950483236,medium_0.05_0.2,1499300.0,26728900.0,8.005380153656006,0.1729435920715332,0.12426590919494629,0.12748384475708008,7.368229389190674,exhausted
Basketball_temporal/finer1989,Basketball_finer,A0,false,complete,SUCCESS,293,5318,0.06215811865912385,medium_0.05_0.2,1558174.0,28281124.0,0.22580599784851074,0.1846480369567871,1.9073486328125e-06,0.000400543212890625,0.0,phase_b_disabled
Basketball_temporal/finer1989,Basketball_finer,A2,false,complete,SUCCESS,293,5318,0.06215811865912385,medium_0.05_0.2,1558174.0,28281124.0,0.5558779239654541,0.18361926078796387,0.14449214935302734,0.0013546943664550781,0.0,exhausted
Basketball_temporal/finer1989,Basketball_finer,A4,false,complete,SUCCESS,293,5318,0.06215811865912385,medium_0.05_0.2,1558174.0,28281124.0,0.687067985534668,0.18422985076904297,0.14532732963562012,0.1289677619934082,0.0,exhausted
Basketball_temporal/finer1989,Basketball_finer,A6,false,complete,SUCCESS,293,5318,0.06215811865912385,medium_0.05_0.2,1558174.0,28281124.0,8.389246940612793,0.1837475299835205,0.14375710487365723,0.12518787384033203,7.7115478515625,exhausted
Basketball_temporal/finer1990,Basketball_finer,A0,false,complete,SUCCESS,292,5350,0.06296191686673257,medium_0.05_0.2,1562200.0,28622500.0,0.22576570510864258,0.1843888759613037,2.384185791015625e-06,0.0004012584686279297,0.0,phase_b_disabled
Basketball_temporal/finer1990,Basketball_finer,A2,false,complete,SUCCESS,292,5350,0.06296191686673257,medium_0.05_0.2,1562200.0,28622500.0,0.5516114234924316,0.1817777156829834,0.1438281536102295,0.001432657241821289,0.0,exhausted
Basketball_temporal/finer1990,Basketball_finer,A4,false,complete,SUCCESS,292,5350,0.06296191686673257,medium_0.05_0.2,1562200.0,28622500.0,0.6808476448059082,0.18465423583984375,0.1437675952911377,0.12839055061340332,0.0,exhausted
Basketball_temporal/finer1990,Basketball_finer,A6,false,complete,SUCCESS,292,5350,0.06296191686673257,medium_0.05_0.2,1562200.0,28622500.0,8.477797031402588,0.18146300315856934,0.14236807823181152,0.12688755989074707,7.803540229797363,exhausted
Basketball_temporal/finer1991,Basketball_finer,A0,false,complete,SUCCESS,295,5420,0.062492793727660555,medium_0.05_0.2,1598900.0,29376400.0,0.23966717720031738,0.19793105125427246,1.430511474609375e-06,0.00041937828063964844,0.0,phase_b_disabled
Basketball_temporal/finer1991,Basketball_finer,A2,false,complete,SUCCESS,295,5420,0.062492793727660555,medium_0.05_0.2,1598900.0,29376400.0,0.5922360420227051,0.20417451858520508,0.14072823524475098,0.0014600753784179688,0.0,exhausted
Basketball_temporal/finer1991,Basketball_finer,A4,false,complete,SUCCESS,295,5420,0.062492793727660555,medium_0.05_0.2,1598900.0,29376400.0,0.7073976993560791,0.20148706436157227,0.14183759689331055,0.11952662467956543,0.0,exhausted
Basketball_temporal/finer1991,Basketball_finer,A6,false,complete,SUCCESS,295,5420,0.062492793727660555,medium_0.05_0.2,1598900.0,29376400.0,8.66037631034851,0.19619035720825195,0.1388850212097168,0.11648726463317871,7.968379497528076,exhausted
Basketball_temporal/finer1992,Basketball_finer,A0,false,complete,SUCCESS,298,5444,0.061509954127403794,medium_0.05_0.2,1622312.0,29637136.0,0.2361311912536621,0.19443631172180176,2.1457672119140625e-06,0.00041222572326660156,0.0,phase_b_disabled
Basketball_temporal/finer1992,Basketball_finer,A2,false,complete,SUCCESS,298,5444,0.061509954127403794,medium_0.05_0.2,1622312.0,29637136.0,0.5715353488922119,0.1932847499847412,0.14187312126159668,0.0013723373413085938,0.0,exhausted
Basketball_temporal/finer1992,Basketball_finer,A4,false,complete,SUCCESS,298,5444,0.061509954127403794,medium_0.05_0.2,1622312.0,29637136.0,0.699941873550415,0.19514107704162598,0.14047741889953613,0.12877511978149414,0.0,exhausted
Basketball_temporal/finer1992,Basketball_finer,A6,false,complete,SUCCESS,298,5444,0.061509954127403794,medium_0.05_0.2,1622312.0,29637136.0,8.711107969284058,0.19120430946350098,0.1384427547454834,0.1274886131286621,8.017202854156494,exhausted
Basketball_temporal/finer1993,Basketball_finer,A0,false,complete,SUCCESS,298,5160,0.058301132126635485,medium_0.05_0.2,1537680.0,26625600.0,0.22008728981018066,0.18023347854614258,1.9073486328125e-06,0.0003962516784667969,0.0,phase_b_disabled
Basketball_temporal/finer1993,Basketball_finer,A2,false,complete,SUCCESS,298,5160,0.058301132126635485,medium_0.05_0.2,1537680.0,26625600.0,0.5195281505584717,0.17992949485778809,0.11966252326965332,0.0013072490692138672,0.0,exhausted
Basketball_temporal/finer1993,Basketball_finer,A4,false,complete,SUCCESS,298,5160,0.058301132126635485,medium_0.05_0.2,1537680.0,26625600.0,0.6414239406585693,0.18021011352539062,0.11954140663146973,0.11928153038024902,0.0,exhausted
Basketball_temporal/finer1993,Basketball_finer,A6,false,complete,SUCCESS,298,5160,0.058301132126635485,medium_0.05_0.2,1537680.0,26625600.0,8.005881786346436,0.1802206039428711,0.11879444122314453,0.126692533493042,7.360787391662598,exhausted
Basketball_temporal/finer1994,Basketball_finer,A0,false,complete,SUCCESS,301,5252,0.058161683277962346,medium_0.05_0.2,1580852.0,27583504.0,0.2238781452178955,0.18363142013549805,2.1457672119140625e-06,0.0003917217254638672,0.0,phase_b_disabled
Basketball_temporal/finer1994,Basketball_finer,A2,false,complete,SUCCESS,301,5252,0.058161683277962346,medium_0.05_0.2,1580852.0,27583504.0,0.5680575370788574,0.19562554359436035,0.13831543922424316,0.0013394355773925781,0.0,exhausted
Basketball_temporal/finer1994,Basketball_finer,A4,false,complete,SUCCESS,301,5252,0.058161683277962346,medium_0.05_0.2,1580852.0,27583504.0,0.6920342445373535,0.18807625770568848,0.13618993759155273,0.13745498657226562,0.0,exhausted
Basketball_temporal/finer1994,Basketball_finer,A6,false,complete,SUCCESS,301,5252,0.058161683277962346,medium_0.05_0.2,1580852.0,27583504.0,8.232489824295044,0.18193960189819336,0.133056640625,0.13198590278625488,7.561353921890259,exhausted
Basketball_temporal/finer1995,Basketball_finer,A0,false,complete,SUCCESS,302,5336,0.05870057864513432,medium_0.05_0.2,1611472.0,28472896.0,0.2209486961364746,0.17893743515014648,1.6689300537109375e-06,0.0004248619079589844,0.0,phase_b_disabled
Basketball_temporal/finer1995,Basketball_finer,A2,false,complete,SUCCESS,302,5336,0.05870057864513432,medium_0.05_0.2,1611472.0,28472896.0,0.5298454761505127,0.17814302444458008,0.13373732566833496,0.0014252662658691406,0.0,exhausted
Basketball_temporal/finer1995,Basketball_finer,A4,false,complete,SUCCESS,302,5336,0.05870057864513432,medium_0.05_0.2,1611472.0,28472896.0,0.672555685043335,0.18596529960632324,0.1365349292755127,0.13146662712097168,0.0,exhausted
Basketball_temporal/finer1995,Basketball_finer,A6,false,complete,SUCCESS,302,5336,0.05870057864513432,medium_0.05_0.2,1611472.0,28472896.0,8.456287384033203,0.17464494705200195,0.13123011589050293,0.12973618507385254,7.803051948547363,exhausted
Basketball_temporal/finer1996,Basketball_finer,A0,false,complete,SUCCESS,305,5498,0.059296807592752375,medium_0.05_0.2,1676890.0,30228004.0,0.23849844932556152,0.19585108757019043,1.9073486328125e-06,0.0004069805145263672,0.0,phase_b_disabled
Basketball_temporal/finer1996,Basketball_finer,A2,false,complete,SUCCESS,305,5498,0.059296807592752375,medium_0.05_0.2,1676890.0,30228004.0,0.5810708999633789,0.19488120079040527,0.14949870109558105,0.0013813972473144531,0.0,exhausted
Basketball_temporal/finer1996,Basketball_finer,A4,false,complete,SUCCESS,305,5498,0.059296807592752375,medium_0.05_0.2,1676890.0,30228004.0,0.7099428176879883,0.19378972053527832,0.15086603164672852,0.12818431854248047,0.0,exhausted
Basketball_temporal/finer1996,Basketball_finer,A6,false,complete,SUCCESS,305,5498,0.059296807592752375,medium_0.05_0.2,1676890.0,30228004.0,8.899759292602539,0.19130587577819824,0.14837193489074707,0.12648987770080566,8.1975679397583,exhausted
Basketball_temporal/finer1997,Basketball_finer,A0,false,complete,SUCCESS,305,5628,0.06069887834339948,medium_0.05_0.2,1716540.0,31674384.0,0.24380898475646973,0.20095109939575195,2.384185791015625e-06,0.00043654441833496094,0.0,phase_b_disabled
Basketball_temporal/finer1997,Basketball_finer,A2,false,complete,SUCCESS,305,5628,0.06069887834339948,medium_0.05_0.2,1716540.0,31674384.0,0.6130414009094238,0.20499372482299805,0.1551380157470703,0.0014503002166748047,0.0,exhausted
Basketball_temporal/finer1997,Basketball_finer,A4,false,complete,SUCCESS,305,5628,0.06069887834339948,medium_0.05_0.2,1716540.0,31674384.0,0.7394981384277344,0.20379304885864258,0.15387558937072754,0.13222956657409668,0.0,exhausted
Basketball_temporal/finer1997,Basketball_finer,A6,false,complete,SUCCESS,305,5628,0.06069887834339948,medium_0.05_0.2,1716540.0,31674384.0,9.245021343231201,0.19829130172729492,0.152388334274292,0.12937641143798828,8.519588947296143,exhausted
Basketball_temporal/finer1998,Basketball_finer,A0,false,complete,SUCCESS,306,5684,0.06090217507768134,medium_0.05_0.2,1739304.0,32307856.0,0.2558326721191406,0.21185588836669922,1.9073486328125e-06,0.0004315376281738281,0.0,phase_b_disabled
Basketball_temporal/finer1998,Basketball_finer,A2,false,complete,SUCCESS,306,5684,0.06090217507768134,medium_0.05_0.2,1739304.0,32307856.0,0.6120169162750244,0.209625244140625,0.1485292911529541,0.0014939308166503906,0.0,exhausted
Basketball_temporal/finer1998,Basketball_finer,A4,false,complete,SUCCESS,306,5684,0.06090217507768134,medium_0.05_0.2,1739304.0,32307856.0,0.7637796401977539,0.2106184959411621,0.1496586799621582,0.13926005363464355,0.0,exhausted
Basketball_temporal/finer1998,Basketball_finer,A6,false,complete,SUCCESS,306,5684,0.06090217507768134,medium_0.05_0.2,1739304.0,32307856.0,9.597313165664673,0.20674562454223633,0.1490345001220703,0.13535070419311523,8.85500693321228,exhausted
Basketball_temporal/finer1999,Basketball_finer,A0,false,complete,SUCCESS,310,5788,0.06042384382503393,medium_0.05_0.2,1794280.0,33500944.0,0.26068878173828125,0.21661043167114258,1.6689300537109375e-06,0.00042891502380371094,0.0,phase_b_disabled
Basketball_temporal/finer1999,Basketball_finer,A2,false,complete,SUCCESS,310,5788,0.06042384382503393,medium_0.05_0.2,1794280.0,33500944.0,0.630772590637207,0.21399474143981934,0.1575782299041748,0.0014443397521972656,0.0,exhausted
Basketball_temporal/finer1999,Basketball_finer,A4,false,complete,SUCCESS,310,5788,0.06042384382503393,medium_0.05_0.2,1794280.0,33500944.0,0.7777316570281982,0.21916580200195312,0.15922331809997559,0.1387319564819336,0.0,exhausted
Basketball_temporal/finer1999,Basketball_finer,A6,false,complete,SUCCESS,310,5788,0.06042384382503393,medium_0.05_0.2,1794280.0,33500944.0,9.953252792358398,0.2113795280456543,0.1566460132598877,0.1357264518737793,9.19080924987793,exhausted
Basketball_temporal/finer2000,Basketball_finer,A0,false,complete,SUCCESS,318,6274,0.06223835882784755,medium_0.05_0.2,1995132.0,39363076.0,0.3083648681640625,0.2601628303527832,1.9073486328125e-06,0.0004496574401855469,0.0,phase_b_disabled
Basketball_temporal/finer2000,Basketball_finer,A2,false,complete,SUCCESS,318,6274,0.06223835882784755,medium_0.05_0.2,1995132.0,39363076.0,0.7920677661895752,0.2713003158569336,0.20028400421142578,0.0016846656799316406,0.0,exhausted
Basketball_temporal/finer2000,Basketball_finer,A4,false,complete,SUCCESS,318,6274,0.06223835882784755,medium_0.05_0.2,1995132.0,39363076.0,0.898984432220459,0.2620859146118164,0.19342422485351562,0.13728833198547363,0.0,exhausted
Basketball_temporal/finer2000,Basketball_finer,A6,false,complete,SUCCESS,318,6274,0.06223835882784755,medium_0.05_0.2,1995132.0,39363076.0,11.909311532974243,0.2611405849456787,0.19183611869812012,0.13752412796020508,11.006237506866455,exhausted
Basketball_temporal/finer2001,Basketball_finer,A0,false,complete,SUCCESS,318,6116,0.06067099180604329,medium_0.05_0.2,1944888.0,37405456.0,0.2758049964904785,0.22885966300964355,2.1457672119140625e-06,0.00044918060302734375,0.0,phase_b_disabled
Basketball_temporal/finer2001,Basketball_finer,A2,false,complete,SUCCESS,318,6116,0.06067099180604329,medium_0.05_0.2,1944888.0,37405456.0,0.6833152770996094,0.2200005054473877,0.19343280792236328,0.0015926361083984375,0.0,exhausted
Basketball_temporal/finer2001,Basketball_finer,A4,false,complete,SUCCESS,318,6116,0.06067099180604329,medium_0.05_0.2,1944888.0,37405456.0,0.921804666519165,0.2812068462371826,0.2070765495300293,0.15799593925476074,0.0,exhausted
Basketball_temporal/finer2001,Basketball_finer,A6,false,complete,SUCCESS,318,6116,0.06067099180604329,medium_0.05_0.2,1944888.0,37405456.0,11.204741716384888,0.22559881210327148,0.19390606880187988,0.13740205764770508,10.376900911331177,exhausted
Basketball_temporal/finer2002,Basketball_finer,A0,false,complete,SUCCESS,321,6192,0.0602803738317757,medium_0.05_0.2,1987632.0,38340864.0,0.2732846736907959,0.22615265846252441,2.1457672119140625e-06,0.0004477500915527344,0.0,phase_b_disabled
Basketball_temporal/finer2002,Basketball_finer,A2,false,complete,SUCCESS,321,6192,0.0602803738317757,medium_0.05_0.2,1987632.0,38340864.0,0.6738290786743164,0.22438716888427734,0.17653322219848633,0.001550912857055664,0.0,exhausted
Basketball_temporal/finer2002,Basketball_finer,A4,false,complete,SUCCESS,321,6192,0.0602803738317757,medium_0.05_0.2,1987632.0,38340864.0,0.8271515369415283,0.22781968116760254,0.18161678314208984,0.1449577808380127,0.0,exhausted
Basketball_temporal/finer2002,Basketball_finer,A6,false,complete,SUCCESS,321,6192,0.0602803738317757,medium_0.05_0.2,1987632.0,38340864.0,11.57234239578247,0.22468876838684082,0.17622160911560059,0.14427852630615234,10.756420612335205,exhausted
Basketball_temporal/finer2003,Basketball_finer,A0,false,complete,SUCCESS,327,6356,0.05962364683589426,medium_0.05_0.2,2078412.0,40398736.0,0.3077528476715088,0.25977087020874023,1.6689300537109375e-06,0.0004589557647705078,0.0,phase_b_disabled
Basketball_temporal/finer2003,Basketball_finer,A2,false,complete,SUCCESS,327,6356,0.05962364683589426,medium_0.05_0.2,2078412.0,40398736.0,0.8265557289123535,0.2665438652038574,0.2370898723602295,0.0016529560089111328,0.0,exhausted
Basketball_temporal/finer2003,Basketball_finer,A4,false,complete,SUCCESS,327,6356,0.05962364683589426,medium_0.05_0.2,2078412.0,40398736.0,0.9257514476776123,0.25672173500061035,0.22855114936828613,0.13716864585876465,0.0,exhausted
Basketball_temporal/finer2003,Basketball_finer,A6,false,complete,SUCCESS,327,6356,0.05962364683589426,medium_0.05_0.2,2078412.0,40398736.0,12.1473388671875,0.25623536109924316,0.22670960426330566,0.13655900955200195,11.22122073173523,exhausted
Basketball_temporal/finer2004,Basketball_finer,A0,false,complete,SUCCESS,326,6316,0.05961302501179802,medium_0.05_0.2,2059016.0,39891856.0,0.2951986789703369,0.24736523628234863,2.1457672119140625e-06,0.00045561790466308594,0.0,phase_b_disabled
Basketball_temporal/finer2004,Basketball_finer,A2,false,complete,SUCCESS,326,6316,0.05961302501179802,medium_0.05_0.2,2059016.0,39891856.0,0.7612900733947754,0.24769949913024902,0.20778131484985352,0.0016214847564697266,0.0,exhausted
Basketball_temporal/finer2004,Basketball_finer,A4,false,complete,SUCCESS,326,6316,0.05961302501179802,medium_0.05_0.2,2059016.0,39891856.0,0.9253487586975098,0.2569160461425781,0.21130609512329102,0.15135693550109863,0.0,exhausted
Basketball_temporal/finer2004,Basketball_finer,A6,false,complete,SUCCESS,326,6316,0.05961302501179802,medium_0.05_0.2,2059016.0,39891856.0,11.991836071014404,0.24393415451049805,0.20209074020385742,0.14376163482666016,11.108452558517456,exhausted
Basketball_temporal/finer2005,Basketball_finer,A0,false,complete,SUCCESS,330,6476,0.059648153265174544,medium_0.05_0.2,2137080.0,41938576.0,0.3165435791015625,0.26711344718933105,2.1457672119140625e-06,0.0004906654357910156,0.0,phase_b_disabled
Basketball_temporal/finer2005,Basketball_finer,A2,false,complete,SUCCESS,330,6476,0.059648153265174544,medium_0.05_0.2,2137080.0,41938576.0,0.8072590827941895,0.2687649726867676,0.21716785430908203,0.0016536712646484375,0.0,exhausted
Basketball_temporal/finer2005,Basketball_finer,A4,false,complete,SUCCESS,330,6476,0.059648153265174544,medium_0.05_0.2,2137080.0,41938576.0,0.9921140670776367,0.2803349494934082,0.22235512733459473,0.15062594413757324,0.0,exhausted
Basketball_temporal/finer2005,Basketball_finer,A6,false,complete,SUCCESS,330,6476,0.059648153265174544,medium_0.05_0.2,2137080.0,41938576.0,12.507225036621094,0.26334500312805176,0.2121431827545166,0.14470767974853516,11.573260068893433,exhausted
Basketball_temporal/finer2006,Basketball_finer,A0,false,complete,SUCCESS,334,6680,0.06006006006006006,medium_0.05_0.2,2231120.0,44622400.0,0.32213902473449707,0.2710888385772705,1.6689300537109375e-06,0.00048160552978515625,0.0,phase_b_disabled
Basketball_temporal/finer2006,Basketball_finer,A2,false,complete,SUCCESS,334,6680,0.06006006006006006,medium_0.05_0.2,2231120.0,44622400.0,0.8379673957824707,0.28009676933288574,0.22971200942993164,0.0016798973083496094,0.0,exhausted
Basketball_temporal/finer2006,Basketball_finer,A4,false,complete,SUCCESS,334,6680,0.06006006006006006,medium_0.05_0.2,2231120.0,44622400.0,0.9760556221008301,0.27176904678344727,0.23049545288085938,0.15190863609313965,0.0,exhausted
Basketball_temporal/finer2006,Basketball_finer,A6,false,complete,SUCCESS,334,6680,0.06006006006006006,medium_0.05_0.2,2231120.0,44622400.0,13.421968221664429,0.27126193046569824,0.22771096229553223,0.1507413387298584,12.445626735687256,exhausted
Basketball_temporal/finer2007,Basketball_finer,A0,false,complete,SUCCESS,336,7186,0.06384150675195452,medium_0.05_0.2,2414496.0,51638596.0,0.35489773750305176,0.29969286918640137,2.1457672119140625e-06,0.0005311965942382812,0.0,phase_b_disabled
Basketball_temporal/finer2007,Basketball_finer,A2,false,complete,SUCCESS,336,7186,0.06384150675195452,medium_0.05_0.2,2414496.0,51638596.0,0.9161233901977539,0.29755735397338867,0.26363086700439453,0.0018494129180908203,0.0,exhausted
Basketball_temporal/finer2007,Basketball_finer,A4,false,complete,SUCCESS,336,7186,0.06384150675195452,medium_0.05_0.2,2414496.0,51638596.0,1.128194808959961,0.2991766929626465,0.27001523971557617,0.19740056991577148,0.0,exhausted
Basketball_temporal/finer2007,Basketball_finer,A6,false,complete,SUCCESS,336,7186,0.06384150675195452,medium_0.05_0.2,2414496.0,51638596.0,15.338531732559204,0.3011467456817627,0.25802135467529297,0.14797067642211914,14.285141706466675,exhausted
Basketball_temporal/finer2008,Basketball_finer,A0,false,complete,SUCCESS,342,7386,0.06333281885064568,medium_0.05_0.2,2526012.0,54552996.0,0.3583812713623047,0.30309224128723145,1.9073486328125e-06,0.0005030632019042969,0.0,phase_b_disabled
Basketball_temporal/finer2008,Basketball_finer,A2,false,complete,SUCCESS,342,7386,0.06333281885064568,medium_0.05_0.2,2526012.0,54552996.0,0.9528064727783203,0.29993677139282227,0.29363441467285156,0.0019817352294921875,0.0,exhausted
Basketball_temporal/finer2008,Basketball_finer,A4,false,complete,SUCCESS,342,7386,0.06333281885064568,medium_0.05_0.2,2526012.0,54552996.0,1.1383209228515625,0.3083963394165039,0.29407215118408203,0.16039323806762695,0.0,exhausted
Basketball_temporal/finer2008,Basketball_finer,A6,false,complete,SUCCESS,342,7386,0.06333281885064568,medium_0.05_0.2,2526012.0,54552996.0,16.376062393188477,0.2928340435028076,0.279585599899292,0.151566743850708,15.300918102264404,exhausted
Basketball_temporal/finer2009,Basketball_finer,A0,false,complete,SUCCESS,347,7478,0.06228448634871983,medium_0.05_0.2,2594866.0,55920484.0,0.3546755313873291,0.2984640598297119,1.9073486328125e-06,0.0005314350128173828,0.0,phase_b_disabled
Basketball_temporal/finer2009,Basketball_finer,A2,false,complete,SUCCESS,347,7478,0.06228448634871983,medium_0.05_0.2,2594866.0,55920484.0,0.9602088928222656,0.3028085231781006,0.29979491233825684,0.0019371509552001953,0.0,exhausted
Basketball_temporal/finer2009,Basketball_finer,A4,false,complete,SUCCESS,347,7478,0.06228448634871983,medium_0.05_0.2,2594866.0,55920484.0,1.1119933128356934,0.2967841625213623,0.2997410297393799,0.1591353416442871,0.0,exhausted
Basketball_temporal/finer2009,Basketball_finer,A6,false,complete,SUCCESS,347,7478,0.06228448634871983,medium_0.05_0.2,2594866.0,55920484.0,17.021557569503784,0.2970309257507324,0.29538726806640625,0.1588153839111328,15.919260501861572,exhausted
Basketball_temporal/finer2010,Basketball_finer,A0,false,complete,SUCCESS,347,7538,0.0627842281487898,medium_0.05_0.2,2615686.0,56821444.0,0.35073256492614746,0.29460740089416504,1.6689300537109375e-06,0.0004982948303222656,0.0,phase_b_disabled
Basketball_temporal/finer2010,Basketball_finer,A2,false,complete,SUCCESS,347,7538,0.0627842281487898,medium_0.05_0.2,2615686.0,56821444.0,0.925950288772583,0.2915937900543213,0.285416841506958,0.001924276351928711,0.0,exhausted
Basketball_temporal/finer2010,Basketball_finer,A4,false,complete,SUCCESS,347,7538,0.0627842281487898,medium_0.05_0.2,2615686.0,56821444.0,1.1280298233032227,0.3103218078613281,0.29437994956970215,0.15984892845153809,0.0,exhausted
Basketball_temporal/finer2010,Basketball_finer,A6,false,complete,SUCCESS,347,7538,0.0627842281487898,medium_0.05_0.2,2615686.0,56821444.0,17.01776909828186,0.28879785537719727,0.2790687084197998,0.15331077575683594,15.949519157409668,exhausted
Basketball_temporal/finer2011,Basketball_finer,A0,false,complete,SUCCESS,345,7504,0.0632288506909336,medium_0.05_0.2,2588880.0,56310016.0,0.3612239360809326,0.3046090602874756,2.384185791015625e-06,0.0005125999450683594,0.0,phase_b_disabled
Basketball_temporal/finer2011,Basketball_finer,A2,false,complete,SUCCESS,345,7504,0.0632288506909336,medium_0.05_0.2,2588880.0,56310016.0,0.9614534378051758,0.3028702735900879,0.2982199192047119,0.0019562244415283203,0.0,exhausted
Basketball_temporal/finer2011,Basketball_finer,A4,false,complete,SUCCESS,345,7504,0.0632288506909336,medium_0.05_0.2,2588880.0,56310016.0,1.1749513149261475,0.3130762577056885,0.3161630630493164,0.16754674911499023,0.0,exhausted
Basketball_temporal/finer2011,Basketball_finer,A6,false,complete,SUCCESS,345,7504,0.0632288506909336,medium_0.05_0.2,2588880.0,56310016.0,16.948988914489746,0.29858922958374023,0.29447102546691895,0.15403413772583008,15.844304084777832,exhausted
Basketball_temporal/finer2012,Basketball_finer,A0,false,complete,SUCCESS,345,7580,0.06386922817660937,medium_0.05_0.2,2615100.0,57456400.0,0.3765556812286377,0.31996583938598633,1.9073486328125e-06,0.0005137920379638672,0.0,phase_b_disabled
Basketball_temporal/finer2012,Basketball_finer,A2,false,complete,SUCCESS,345,7580,0.06386922817660937,medium_0.05_0.2,2615100.0,57456400.0,0.995891809463501,0.32709312438964844,0.2816917896270752,0.0019991397857666016,0.0,exhausted
Basketball_temporal/finer2012,Basketball_finer,A4,false,complete,SUCCESS,345,7580,0.06386922817660937,medium_0.05_0.2,2615100.0,57456400.0,1.2135074138641357,0.39218640327453613,0.2803921699523926,0.15833640098571777,0.0,exhausted
Basketball_temporal/finer2012,Basketball_finer,A6,false,complete,SUCCESS,345,7580,0.06386922817660937,medium_0.05_0.2,2615100.0,57456400.0,17.164777755737305,0.3153202533721924,0.2729361057281494,0.15444087982177734,16.04640817642212,exhausted
Basketball_temporal/finer2013,Basketball_finer,A0,false,complete,SUCCESS,347,7616,0.06343389248888075,medium_0.05_0.2,2642752.0,58003456.0,0.38671016693115234,0.33000993728637695,1.6689300537109375e-06,0.0005514621734619141,0.0,phase_b_disabled
Basketball_temporal/finer2013,Basketball_finer,A2,false,complete,SUCCESS,347,7616,0.06343389248888075,medium_0.05_0.2,2642752.0,58003456.0,1.0165073871612549,0.3293948173522949,0.29799699783325195,0.0019443035125732422,0.0,exhausted
Basketball_temporal/finer2013,Basketball_finer,A4,false,complete,SUCCESS,347,7616,0.06343389248888075,medium_0.05_0.2,2642752.0,58003456.0,1.198275089263916,0.3370692729949951,0.3050861358642578,0.16611266136169434,0.0,exhausted
Basketball_temporal/finer2013,Basketball_finer,A6,false,complete,SUCCESS,347,7616,0.06343389248888075,medium_0.05_0.2,2642752.0,58003456.0,17.399390697479248,0.32508277893066406,0.29398369789123535,0.15701961517333984,16.239683866500854,exhausted
Basketball_temporal/finer2014,Basketball_finer,A0,false,complete,SUCCESS,351,7650,0.06227106227106227,medium_0.05_0.2,2685150.0,58522500.0,0.38123440742492676,0.3241426944732666,1.6689300537109375e-06,0.0004968643188476562,0.0,phase_b_disabled
Basketball_temporal/finer2014,Basketball_finer,A2,false,complete,SUCCESS,351,7650,0.06227106227106227,medium_0.05_0.2,2685150.0,58522500.0,1.0315685272216797,0.32788515090942383,0.317030668258667,0.001922607421875,0.0,exhausted
Basketball_temporal/finer2014,Basketball_finer,A4,false,complete,SUCCESS,351,7650,0.06227106227106227,medium_0.05_0.2,2685150.0,58522500.0,1.1956918239593506,0.32875752449035645,0.3207709789276123,0.16228008270263672,0.0,exhausted
Basketball_temporal/finer2014,Basketball_finer,A6,false,complete,SUCCESS,351,7650,0.06227106227106227,medium_0.05_0.2,2685150.0,58522500.0,17.50048804283142,0.3199617862701416,0.3121955394744873,0.1583421230316162,16.32872486114502,exhausted
Dryad_animal_society,Animal,A0,false,complete,SUCCESS,21,193,0.4595238095238095,dense_>=0.2,4053.0,37249.0,0.0029976367950439453,0.0007252693176269531,7.152557373046875e-07,8.106231689453125e-05,0.0,phase_b_disabled
Dryad_animal_society,Animal,A2,false,complete,SUCCESS,21,193,0.4595238095238095,dense_>=0.2,4053.0,37249.0,0.004470348358154297,0.0007722377777099609,0.00040340423583984375,9.107589721679688e-05,0.0,exhausted
Dryad_animal_society,Animal,A4,false,complete,SUCCESS,21,193,0.4595238095238095,dense_>=0.2,4053.0,37249.0,0.011841297149658203,0.0007703304290771484,0.0003707408905029297,0.007608890533447266,0.0,exhausted
Dryad_animal_society,Animal,A6,false,complete,SUCCESS,21,193,0.4595238095238095,dense_>=0.2,4053.0,37249.0,0.042537689208984375,0.0007576942443847656,0.0003821849822998047,0.007558107376098633,0.030586957931518555,exhausted
FacultyHiringNetworks/Business/Business_FM_Full_,Faculty,A0,false,complete,SUCCESS,113,1787,0.14119785082174463,medium_0.05_0.2,201931.0,3193369.0,0.01819896697998047,0.0031151771545410156,1.1920928955078125e-06,0.0007278919219970703,0.0,phase_b_disabled
FacultyHiringNetworks/Business/Business_FM_Full_,Faculty,A2,false,complete,SUCCESS,113,1787,0.14119785082174463,medium_0.05_0.2,201931.0,3193369.0,0.028365135192871094,0.003186941146850586,0.0056667327880859375,0.0008199214935302734,0.0,exhausted
FacultyHiringNetworks/Business/Business_FM_Full_,Faculty,A4,false,complete,SUCCESS,113,1787,0.14119785082174463,medium_0.05_0.2,201931.0,3193369.0,0.07682251930236816,0.003281831741333008,0.005644083023071289,0.04956793785095215,0.0,exhausted
FacultyHiringNetworks/Business/Business_FM_Full_,Faculty,A6,false,complete,SUCCESS,113,1787,0.14119785082174463,medium_0.05_0.2,201931.0,3193369.0,1.3709077835083008,0.0032083988189697266,0.005415201187133789,0.046446800231933594,1.2965378761291504,exhausted
FacultyHiringNetworks/ComputerScience/ComputerScience_FM_Full_,Faculty,A0,false,complete,SUCCESS,206,1407,0.033317546767700684,sparse_<0.05,289842.0,1979649.0,0.015300989151000977,0.0019271373748779297,1.430511474609375e-06,0.0006291866302490234,0.0,phase_b_disabled
FacultyHiringNetworks/ComputerScience/ComputerScience_FM_Full_,Faculty,A2,false,complete,SUCCESS,206,1407,0.033317546767700684,sparse_<0.05,289842.0,1979649.0,0.023873329162597656,0.001911163330078125,0.005243062973022461,0.000698089599609375,0.0,exhausted
FacultyHiringNetworks/ComputerScience/ComputerScience_FM_Full_,Faculty,A4,false,complete,SUCCESS,206,1407,0.033317546767700684,sparse_<0.05,289842.0,1979649.0,0.08458638191223145,0.0019450187683105469,0.005127668380737305,0.06198382377624512,0.0,exhausted
FacultyHiringNetworks/ComputerScience/ComputerScience_FM_Full_,Faculty,A6,false,complete,SUCCESS,206,1407,0.033317546767700684,sparse_<0.05,289842.0,1979649.0,0.7144687175750732,0.0019555091857910156,0.0051038265228271484,0.061501502990722656,0.6293132305145264,exhausted
FacultyHiringNetworks/History/History_FM_Full_,Faculty,A0,false,complete,SUCCESS,145,1204,0.057662835249042144,medium_0.05_0.2,174580.0,1449616.0,0.012830972671508789,0.0011394023895263672,1.430511474609375e-06,0.0005528926849365234,0.0,phase_b_disabled
FacultyHiringNetworks/History/History_FM_Full_,Faculty,A2,false,complete,SUCCESS,145,1204,0.057662835249042144,medium_0.05_0.2,174580.0,1449616.0,0.017925024032592773,0.0011157989501953125,0.003289461135864258,0.0005710124969482422,0.0,exhausted
FacultyHiringNetworks/History/History_FM_Full_,Faculty,A4,false,complete,SUCCESS,145,1204,0.057662835249042144,medium_0.05_0.2,174580.0,1449616.0,0.06908059120178223,0.0011336803436279297,0.0032825469970703125,0.051833391189575195,0.0,exhausted
FacultyHiringNetworks/History/History_FM_Full_,Faculty,A6,false,complete,SUCCESS,145,1204,0.057662835249042144,medium_0.05_0.2,174580.0,1449616.0,0.3232576847076416,0.001173257827758789,0.0032668113708496094,0.051542043685913086,0.2537355422973633,exhausted
Football_data_England_Premier_League/England_2009_2010,Football_coarse,A0,false,complete,SUCCESS,20,215,0.5657894736842105,dense_>=0.2,4300.0,46225.0,0.0034046173095703125,0.0008592605590820312,7.152557373046875e-07,7.748603820800781e-05,0.0,phase_b_disabled
Football_data_England_Premier_League/England_2009_2010,Football_coarse,A2,false,complete,SUCCESS,20,215,0.5657894736842105,dense_>=0.2,4300.0,46225.0,0.00487971305847168,0.0008530616760253906,0.0005350112915039062,8.893013000488281e-05,0.0,exhausted
Football_data_England_Premier_League/England_2009_2010,Football_coarse,A4,false,complete,SUCCESS,20,215,0.5657894736842105,dense_>=0.2,4300.0,46225.0,0.013993501663208008,0.001020669937133789,0.0005970001220703125,0.008715152740478516,0.0,exhausted
Football_data_England_Premier_League/England_2009_2010,Football_coarse,A6,false,complete,SUCCESS,20,215,0.5657894736842105,dense_>=0.2,4300.0,46225.0,0.05810999870300293,0.0008864402770996094,0.0005414485931396484,0.008171319961547852,0.04485654830932617,exhausted
Football_data_England_Premier_League/England_2010_2011,Football_coarse,A0,false,complete,SUCCESS,20,219,0.5763157894736842,dense_>=0.2,4380.0,47961.0,0.0035266876220703125,0.001161336898803711,7.152557373046875e-07,6.937980651855469e-05,0.0,phase_b_disabled
Football_data_England_Premier_League/England_2010_2011,Football_coarse,A2,false,complete,SUCCESS,20,219,0.5763157894736842,dense_>=0.2,4380.0,47961.0,0.005529880523681641,0.001224517822265625,0.0005693435668945312,8.320808410644531e-05,0.0,exhausted
Football_data_England_Premier_League/England_2010_2011,Football_coarse,A4,false,complete,SUCCESS,20,219,0.5763157894736842,dense_>=0.2,4380.0,47961.0,0.014062166213989258,0.0013120174407958984,0.00060272216796875,0.008262157440185547,0.0,exhausted
Football_data_England_Premier_League/England_2010_2011,Football_coarse,A6,false,complete,SUCCESS,20,219,0.5763157894736842,dense_>=0.2,4380.0,47961.0,0.0696561336517334,0.0011887550354003906,0.0005733966827392578,0.007731437683105469,0.05643582344055176,exhausted
Football_data_England_Premier_League/England_2011_2012,Football_coarse,A0,false,complete,SUCCESS,20,226,0.5947368421052631,dense_>=0.2,4520.0,51076.0,0.0035583972930908203,0.001140594482421875,7.152557373046875e-07,7.2479248046875e-05,0.0,phase_b_disabled
Football_data_England_Premier_League/England_2011_2012,Football_coarse,A2,false,complete,SUCCESS,20,226,0.5947368421052631,dense_>=0.2,4520.0,51076.0,0.005385875701904297,0.0011434555053710938,0.0005130767822265625,8.678436279296875e-05,0.0,exhausted
Football_data_England_Premier_League/England_2011_2012,Football_coarse,A4,false,complete,SUCCESS,20,226,0.5947368421052631,dense_>=0.2,4520.0,51076.0,0.013452529907226562,0.0012264251708984375,0.0005340576171875,0.007811546325683594,0.0,exhausted
Football_data_England_Premier_League/England_2011_2012,Football_coarse,A6,false,complete,SUCCESS,20,226,0.5947368421052631,dense_>=0.2,4520.0,51076.0,0.06868863105773926,0.001203775405883789,0.0005090236663818359,0.00735020637512207,0.05581402778625488,exhausted
Football_data_England_Premier_League/England_2012_2013,Football_coarse,A0,false,complete,SUCCESS,20,216,0.5684210526315789,dense_>=0.2,4320.0,46656.0,0.0036857128143310547,0.0010905265808105469,9.5367431640625e-07,7.081031799316406e-05,0.0,phase_b_disabled
Football_data_England_Premier_League/England_2012_2013,Football_coarse,A2,false,complete,SUCCESS,20,216,0.5684210526315789,dense_>=0.2,4320.0,46656.0,0.005149364471435547,0.0010089874267578125,0.0005476474761962891,8.559226989746094e-05,0.0,exhausted
Football_data_England_Premier_League/England_2012_2013,Football_coarse,A4,false,complete,SUCCESS,20,216,0.5684210526315789,dense_>=0.2,4320.0,46656.0,0.013401985168457031,0.0010144710540771484,0.0005915164947509766,0.008246660232543945,0.0,exhausted
Football_data_England_Premier_League/England_2012_2013,Football_coarse,A6,false,complete,SUCCESS,20,216,0.5684210526315789,dense_>=0.2,4320.0,46656.0,0.06221294403076172,0.0010118484497070312,0.0005512237548828125,0.008165359497070312,0.048706769943237305,exhausted
Football_data_England_Premier_League/England_2013_2014,Football_coarse,A0,false,complete,SUCCESS,20,222,0.5842105263157895,dense_>=0.2,4440.0,49284.0,0.0033369064331054688,0.0008826255798339844,9.5367431640625e-07,7.605552673339844e-05,0.0,phase_b_disabled
Football_data_England_Premier_League/England_2013_2014,Football_coarse,A2,false,complete,SUCCESS,20,222,0.5842105263157895,dense_>=0.2,4440.0,49284.0,0.00490880012512207,0.0008375644683837891,0.0005707740783691406,9.1552734375e-05,0.0,exhausted
Football_data_England_Premier_League/England_2013_2014,Football_coarse,A4,false,complete,SUCCESS,20,222,0.5842105263157895,dense_>=0.2,4440.0,49284.0,0.01333475112915039,0.0009739398956298828,0.0005502700805664062,0.008501052856445312,0.0,exhausted
Football_data_England_Premier_League/England_2013_2014,Football_coarse,A6,false,complete,SUCCESS,20,222,0.5842105263157895,dense_>=0.2,4440.0,49284.0,0.06350016593933105,0.0008480548858642578,0.0005197525024414062,0.008517026901245117,0.05007529258728027,exhausted
Football_data_England_Premier_League/England_2014_2015,Football_coarse,A0,false,complete,SUCCESS,20,107,0.28157894736842104,dense_>=0.2,2140.0,11449.0,0.0019910335540771484,0.0003142356872558594,7.152557373046875e-07,6.604194641113281e-05,0.0,phase_b_disabled
Football_data_England_Premier_League/England_2014_2015,Football_coarse,A2,false,complete,SUCCESS,20,107,0.28157894736842104,dense_>=0.2,2140.0,11449.0,0.0028176307678222656,0.0003483295440673828,0.00032067298889160156,5.9604644775390625e-05,0.0,exhausted
Football_data_England_Premier_League/England_2014_2015,Football_coarse,A4,false,complete,SUCCESS,20,107,0.28157894736842104,dense_>=0.2,2140.0,11449.0,0.010906219482421875,0.00037789344787597656,0.000316619873046875,0.008214473724365234,0.0,exhausted
Football_data_England_Premier_League/England_2014_2015,Football_coarse,A6,false,complete,SUCCESS,20,107,0.28157894736842104,dense_>=0.2,2140.0,11449.0,0.02162909507751465,0.0003535747528076172,0.0003070831298828125,0.008113622665405273,0.010754108428955078,exhausted
Football_data_England_Premier_League/finerEngland_2009_2010,Football_finer,A0,false,complete,SUCCESS,20,380,1.0,dense_>=0.2,7600.0,144400.0,0.008307218551635742,0.00475621223449707,7.152557373046875e-07,6.437301635742188e-05,0.0,phase_b_disabled
Football_data_England_Premier_League/finerEngland_2009_2010,Football_finer,A2,false,complete,SUCCESS,20,380,1.0,dense_>=0.2,7600.0,144400.0,0.014591455459594727,0.004743337631225586,0.0008945465087890625,0.00010728836059570312,0.0,exhausted
Football_data_England_Premier_League/finerEngland_2009_2010,Football_finer,A4,false,complete,SUCCESS,20,380,1.0,dense_>=0.2,7600.0,144400.0,0.02268505096435547,0.0050389766693115234,0.0009620189666748047,0.007748603820800781,0.0,exhausted
Football_data_England_Premier_League/finerEngland_2009_2010,Football_finer,A6,false,complete,SUCCESS,20,380,1.0,dense_>=0.2,7600.0,144400.0,0.2013998031616211,0.00483393669128418,0.0008971691131591797,0.00735163688659668,0.17959094047546387,exhausted
Football_data_England_Premier_League/finerEngland_2010_2011,Football_finer,A0,false,complete,SUCCESS,20,380,1.0,dense_>=0.2,7600.0,144400.0,0.008781909942626953,0.005293130874633789,7.152557373046875e-07,5.9604644775390625e-05,0.0,phase_b_disabled
Football_data_England_Premier_League/finerEngland_2010_2011,Football_finer,A2,false,complete,SUCCESS,20,380,1.0,dense_>=0.2,7600.0,144400.0,0.015794038772583008,0.0053975582122802734,0.0010571479797363281,0.0001163482666015625,0.0,exhausted
Football_data_England_Premier_League/finerEngland_2010_2011,Football_finer,A4,false,complete,SUCCESS,20,380,1.0,dense_>=0.2,7600.0,144400.0,0.024380207061767578,0.005548954010009766,0.0010309219360351562,0.008571863174438477,0.0,exhausted
Football_data_England_Premier_League/finerEngland_2010_2011,Football_finer,A6,false,complete,SUCCESS,20,380,1.0,dense_>=0.2,7600.0,144400.0,0.20441722869873047,0.0053577423095703125,0.0010144710540771484,0.008161067962646484,0.18042731285095215,exhausted
Football_data_England_Premier_League/finerEngland_2011_2012,Football_finer,A0,false,complete,SUCCESS,20,380,1.0,dense_>=0.2,7600.0,144400.0,0.008831262588500977,0.005299806594848633,7.152557373046875e-07,6.461143493652344e-05,0.0,phase_b_disabled
Football_data_England_Premier_League/finerEngland_2011_2012,Football_finer,A2,false,complete,SUCCESS,20,380,1.0,dense_>=0.2,7600.0,144400.0,0.015796422958374023,0.005495548248291016,0.0010380744934082031,0.00010943412780761719,0.0,exhausted
Football_data_England_Premier_League/finerEngland_2011_2012,Football_finer,A4,false,complete,SUCCESS,20,380,1.0,dense_>=0.2,7600.0,144400.0,0.024309635162353516,0.005574941635131836,0.0009887218475341797,0.008280754089355469,0.0,exhausted
Football_data_England_Premier_League/finerEngland_2011_2012,Football_finer,A6,false,complete,SUCCESS,20,380,1.0,dense_>=0.2,7600.0,144400.0,0.2051560878753662,0.005396127700805664,0.0009570121765136719,0.007964611053466797,0.18152117729187012,exhausted
Football_data_England_Premier_League/finerEngland_2012_2013,Football_finer,A0,false,complete,SUCCESS,20,380,1.0,dense_>=0.2,7600.0,144400.0,0.008722543716430664,0.00510406494140625,7.152557373046875e-07,6.818771362304688e-05,0.0,phase_b_disabled
Football_data_England_Premier_League/finerEngland_2012_2013,Football_finer,A2,false,complete,SUCCESS,20,380,1.0,dense_>=0.2,7600.0,144400.0,0.01542210578918457,0.005219459533691406,0.0009644031524658203,0.00011014938354492188,0.0,exhausted
Football_data_England_Premier_League/finerEngland_2012_2013,Football_finer,A4,false,complete,SUCCESS,20,380,1.0,dense_>=0.2,7600.0,144400.0,0.022350549697875977,0.005189418792724609,0.0009233951568603516,0.007633209228515625,0.0,exhausted
Football_data_England_Premier_League/finerEngland_2012_2013,Football_finer,A6,false,complete,SUCCESS,20,380,1.0,dense_>=0.2,7600.0,144400.0,0.20067501068115234,0.005033254623413086,0.0009038448333740234,0.0075283050537109375,0.17832541465759277,exhausted
Football_data_England_Premier_League/finerEngland_2013_2014,Football_finer,A0,false,complete,SUCCESS,20,380,1.0,dense_>=0.2,7600.0,144400.0,0.008304834365844727,0.004560232162475586,9.5367431640625e-07,7.152557373046875e-05,0.0,phase_b_disabled
Football_data_England_Premier_League/finerEngland_2013_2014,Football_finer,A2,false,complete,SUCCESS,20,380,1.0,dense_>=0.2,7600.0,144400.0,0.014258146286010742,0.004718303680419922,0.0008800029754638672,0.00010895729064941406,0.0,exhausted
Football_data_England_Premier_League/finerEngland_2013_2014,Football_finer,A4,false,complete,SUCCESS,20,380,1.0,dense_>=0.2,7600.0,144400.0,0.022533416748046875,0.004671573638916016,0.0008642673492431641,0.008562803268432617,0.0,exhausted
Football_data_England_Premier_League/finerEngland_2013_2014,Football_finer,A6,false,complete,SUCCESS,20,380,1.0,dense_>=0.2,7600.0,144400.0,0.2049393653869629,0.0045642852783203125,0.0008435249328613281,0.008429765701293945,0.18263006210327148,exhausted
Football_data_England_Premier_League/finerEngland_2014_2015,Football_finer,A0,false,complete,SUCCESS,20,300,0.7894736842105263,dense_>=0.2,6000.0,90000.0,0.0065381526947021484,0.003340005874633789,4.76837158203125e-07,5.6743621826171875e-05,0.0,phase_b_disabled
Football_data_England_Premier_League/finerEngland_2014_2015,Football_finer,A2,false,complete,SUCCESS,20,300,0.7894736842105263,dense_>=0.2,6000.0,90000.0,0.010860681533813477,0.00339508056640625,0.0007436275482177734,8.916854858398438e-05,0.0,exhausted
Football_data_England_Premier_League/finerEngland_2014_2015,Football_finer,A4,false,complete,SUCCESS,20,300,0.7894736842105263,dense_>=0.2,6000.0,90000.0,0.018468141555786133,0.0032892227172851562,0.0007054805755615234,0.007968664169311523,0.0,exhausted
Football_data_England_Premier_League/finerEngland_2014_2015,Football_finer,A6,false,complete,SUCCESS,20,300,0.7894736842105263,dense_>=0.2,6000.0,90000.0,0.2668430805206299,0.0033240318298339844,0.0007097721099853516,0.0077664852142333984,0.2484569549560547,exhausted
Halo2BetaData,Halo,A0,false,complete,SUCCESS,602,5010,0.013847352972067595,sparse_<0.05,3016020.0,25100100.0,0.11887598037719727,0.08405137062072754,1.9073486328125e-06,0.001631021499633789,0.0,phase_b_disabled
Halo2BetaData,Halo,A2,false,complete,SUCCESS,602,5010,0.013847352972067595,sparse_<0.05,3016020.0,25100100.0,0.5450632572174072,0.08733701705932617,0.333446741104126,0.0016117095947265625,0.0,exhausted
Halo2BetaData,Halo,A4,false,complete,SUCCESS,602,5010,0.013847352972067595,sparse_<0.05,3016020.0,25100100.0,0.74678635597229,0.08438420295715332,0.3269779682159424,0.2167665958404541,0.0,exhausted
Halo2BetaData,Halo,A6,false,complete,SUCCESS,602,5010,0.013847352972067595,sparse_<0.05,3016020.0,25100100.0,7.091858625411987,0.08302116394042969,0.32384443283081055,0.21493291854858398,6.3508360385894775,exhausted
finance,Finance,FINANCE_A0,true,complete,SUCCESS,1315,1729225,1.0007610350076104,dense_>=0.2,2273930875.0,2990219100625.0,612.5528061389923,600.0096893310547,0.0002086162567138672,0.5206563472747803,0.0,phase_b_disabled
finance,Finance,FINANCE_A2,true,complete,INTERNAL_TIME_LIMIT,1315,1729225,1.0007610350076104,dense_>=0.2,2273930875.0,2990219100625.0,1214.7641153335571,600.0107569694519,1.783324956893921,0.5113756656646729,0.0,time_limit
finance,Finance,FINANCE_A4,true,complete,INTERNAL_TIME_LIMIT,1315,1729225,1.0007610350076104,dense_>=0.2,2273930875.0,2990219100625.0,1214.573858499527,600.0108060836792,1.7526648044586182,0.5142672061920166,0.0,time_limit
finance,Finance,FINANCE_A6,true,TIMEOUT_HARD_WALLCLOCK,TIMEOUT_HARD_WALLCLOCK,1315,1729225,1.0007610350076104,dense_>=0.2,2273930875.0,2990219100625.0,1800.0987877845764,,,,,hard_wallclock_timeout
